context,question,answer
สุนัขตัวแรกรับบทเป็นเบนจี้ในภาพยนตร์เรื่อง Benji ที่ออกฉายในปี พ.ศ. 2517 มีชื่อว่าอะไร   ฮิกกิ้นส์,สุนัขตัวแรกรับบทเป็นเบนจี้ในภาพยนตร์เรื่อง Benji ที่ออกฉายในปี พ.ศ. 2517 มีชื่อว่าอะไร,ฮิกกิ้นส์
ลูนา 1 เป็นยานอวกาศลำแรกในโครงการลูนาของโซเวียต มีชื่อเรียกอีกชื่อว่าอะไร   เมชตา,ลูนา 1 เป็นยานอวกาศลำแรกในโครงการลูนาของโซเวียต มีชื่อเรียกอีกชื่อว่าอะไร,เมชตา
ลูนา 1 เป็นยานอวกาศลำแรกในโครงการลูนาของโซเวียต สามารถสังเกตและตรวจวัดอะไรได้โดยตรง   ลมสุริยะ,ลูนา 1 เป็นยานอวกาศลำแรกในโครงการลูนาของโซเวียต สามารถสังเกตและตรวจวัดอะไรได้โดยตรง,ลมสุริยะ
กระทรวงโฆษณาแถลงข่าวและโฆษณาชวนเชื่อของนาซีเยอรมนี ก่อตั้งขึ้นในปี ค.ศ. ใด   ปี 1933,กระทรวงโฆษณาแถลงข่าวและโฆษณาชวนเชื่อของนาซีเยอรมนี ก่อตั้งขึ้นในปี ค.ศ. ใด,ปี 1933
ห้องทำงานรูปไข่ สร้างขึ้นในสมัยอดีตประธานาธิบดีคนใดของสหรัฐอเมริกา   ประธานาธิบดีวิลเลียม เอช. ทัฟต์,ห้องทำงานรูปไข่ สร้างขึ้นในสมัยอดีตประธานาธิบดีคนใดของสหรัฐอเมริกา,ประธานาธิบดีวิลเลียม เอช. ทัฟต์
เครื่องอิสริยาภรณ์ดารามหาปุตราเป็นเครื่องอิสริยาภรณ์ของประเทศอินโดนีเซียมีลำดับเกียรติเป็นอันดับที่เท่าไร   อันดับที่ 2,เครื่องอิสริยาภรณ์ดารามหาปุตราเป็นเครื่องอิสริยาภรณ์ของประเทศอินโดนีเซียมีลำดับเกียรติเป็นอันดับที่เท่าไร,อันดับที่ 2
เครื่องอิสริยาภรณ์ดารามหาปุตรา เป็นเครื่องอิสริยาภรณ์ฯ ของประเทศอะไร   ประเทศอินโดนีเซีย,เครื่องอิสริยาภรณ์ดารามหาปุตรา เป็นเครื่องอิสริยาภรณ์ฯ ของประเทศอะไร,ประเทศอินโดนีเซีย
เรจโจเอมีเลียเป็นเมืองในแคว้นใดในภาคเหนือของประเทศอิตาลี   แคว้นเอมีเลีย-โรมัญญา,เรจโจเอมีเลียเป็นเมืองในแคว้นใดในภาคเหนือของประเทศอิตาลี,แคว้นเอมีเลีย-โรมัญญา
พิกซาร์สตูดิโอสร้างคอมพิวเตอร์แอนิแมชันสัญชาติอเมริกัน ตั้งอยู่ที่เมืองอะไร   เมืองเอเมอรีวิลล์,พิกซาร์สตูดิโอสร้างคอมพิวเตอร์แอนิแมชันสัญชาติอเมริกัน ตั้งอยู่ที่เมืองอะไร,เมืองเอเมอรีวิลล์
พิกซาร์ สตูดิโอสร้างคอมพิวเตอร์แอนิแมชันสัญชาติอเมริกัน ในปัจจุบันเป็นส่วนหนึ่งของบริษัทอะไร   บริษัทเดอะวอลต์ดิสนีย์,พิกซาร์ สตูดิโอสร้างคอมพิวเตอร์แอนิแมชันสัญชาติอเมริกัน ในปัจจุบันเป็นส่วนหนึ่งของบริษัทอะไร,บริษัทเดอะวอลต์ดิสนีย์
ไซเบอร์ซันเดย์ 2008 จัดแข่งขันในวันที่ 26 ตุลาคม พ.ศ. 2551 จัดที่ประเทศอะไร   สหรัฐอเมริกา,ไซเบอร์ซันเดย์ 2008 จัดแข่งขันในวันที่ 26 ตุลาคม พ.ศ. 2551 จัดที่ประเทศอะไร,สหรัฐอเมริกา
บัดดี้ นอกซ์ เป็นนักร้องชาวอะไร   ชาวอเมริกัน,บัดดี้ นอกซ์ เป็นนักร้องชาวอะไร,ชาวอเมริกัน
"บัดดี้ นอกซ์ มีผลงานเพลงที่เป็นที่รู้จักในช่วงปี ค.ศ. 1957 ชื่อเพลงว่าอะไร   เพลง ""Party Doll""",บัดดี้ นอกซ์ มีผลงานเพลงที่เป็นที่รู้จักในช่วงปี ค.ศ. 1957 ชื่อเพลงว่าอะไร,"เพลง ""Party Doll"""
สภาเศรษฐกิจโลก หรือ WEF ก่อตั้งเมื่อปี พ.ศ. ใด   ปี พ.ศ. 2514,สภาเศรษฐกิจโลก หรือ WEF ก่อตั้งเมื่อปี พ.ศ. ใด,ปี พ.ศ. 2514
ใครเป็นผู้ตั้งสภาเศรษฐกิจโลกขึ้นในปี พ.ศ. 2514 โดยทุกปีจะมีการประชุมที่ประเทศสวิตเซอร์แลนด์   คลาอัส มาร์ติน สเควป(Klaus Martin Schwab),ใครเป็นผู้ตั้งสภาเศรษฐกิจโลกขึ้นในปี พ.ศ. 2514 โดยทุกปีจะมีการประชุมที่ประเทศสวิตเซอร์แลนด์,คลาอัส มาร์ติน สเควป(Klaus Martin Schwab)
ท่าอากาศยานสุโขทัย เปิดทำการครั้งแรกเมื่อไร   วันที่ 12 เมษายน พ.ศ. 2539,ท่าอากาศยานสุโขทัย เปิดทำการครั้งแรกเมื่อไร,วันที่ 12 เมษายน พ.ศ. 2539
สแกนดาร์ เคนส์ เป็นนักแสดงประเทศอะไร   ประเทศอังกฤษ,สแกนดาร์ เคนส์ เป็นนักแสดงประเทศอะไร,ประเทศอังกฤษ
ลีโอสเตเดียมเป็นสนามฟุตบอลเหย้าของสโมสรฟุตบอลบางกอกกล๊าสตั้งอยู่ที่จังหวัดอะไร   จังหวัดปทุมธานี,ลีโอสเตเดียมเป็นสนามฟุตบอลเหย้าของสโมสรฟุตบอลบางกอกกล๊าสตั้งอยู่ที่จังหวัดอะไร,จังหวัดปทุมธานี
การแข่งขันฟุตบอลชิงแชมป์แห่งชาติยุโรปครั้งที่ 6 จัดขึ้นที่ประเทศอะไร   ประเทศอิตาลี,การแข่งขันฟุตบอลชิงแชมป์แห่งชาติยุโรปครั้งที่ 6 จัดขึ้นที่ประเทศอะไร,ประเทศอิตาลี
การแข่งขันฟุตบอลชิงแชมป์แห่งชาติยุโรป 1980 จัดการแข่งขันขึ้นเมื่อไร   วันที่ 11-22 มิถุนายน ค.ศ. 1980,การแข่งขันฟุตบอลชิงแชมป์แห่งชาติยุโรป 1980 จัดการแข่งขันขึ้นเมื่อไร,วันที่ 11-22 มิถุนายน ค.ศ. 1980
ตลอดกาล เป็นอัลบั้มเพลงไทยชุดที่ 5 ของวงอะไร   วงคีรีบูน,ตลอดกาล เป็นอัลบั้มเพลงไทยชุดที่ 5 ของวงอะไร,วงคีรีบูน
โปรดิวเซอร์ของอัลบั้มตลอดกาล ของวงคีรีบูนคือใคร   คุณปราจีน ทรงเผ่า,โปรดิวเซอร์ของอัลบั้มตลอดกาล ของวงคีรีบูนคือใคร,คุณปราจีน ทรงเผ่า
เท็กแบ็คเดอะไนท์เป็นเพลงที่บันทึกเสียงโดยนักร้องชาวอเมริกันชื่อว่าอะไร   จัสติน ทิมเบอร์เลก,เท็กแบ็คเดอะไนท์เป็นเพลงที่บันทึกเสียงโดยนักร้องชาวอเมริกันชื่อว่าอะไร,จัสติน ทิมเบอร์เลก
เท็กแบ็คเดอะไนท์ เพลงของ จัสติน ทิมเบอร์เลก ให้ดาวน์โหลดได้เมื่อไร   วันที่ 12 กรกฎาคม ค.ศ. 2013,เท็กแบ็คเดอะไนท์ เพลงของ จัสติน ทิมเบอร์เลก ให้ดาวน์โหลดได้เมื่อไร,วันที่ 12 กรกฎาคม ค.ศ. 2013
อัณณา หชาเร ได้รับเหรียญอิสริยาภรณ์จากรัฐบาลประเทศอะไร   รัฐบาลอินเดีย,อัณณา หชาเร ได้รับเหรียญอิสริยาภรณ์จากรัฐบาลประเทศอะไร,รัฐบาลอินเดีย
ทีมวอลเลย์บอลชายที่ได้เข้าแข่งในฐานะแชมป์โลกปี 2018 คือประเทศอะไร   โปแลน,ทีมวอลเลย์บอลชายที่ได้เข้าแข่งในฐานะแชมป์โลกปี 2018 คือประเทศอะไร,โปแลน
นายกรัฐมนตรีหญิงคนแรกของอิสราเอลคือใคร   โกลดา เมอีร์,นายกรัฐมนตรีหญิงคนแรกของอิสราเอลคือใคร,โกลดา เมอีร์
อางี้ หรือ วนิดา ตันติวิทยาพิทักษ์ จบชั้นมัธยมศึกษาจากโรงเรียนอะไร   โรงเรียนสตรีมหาพฤฒาราม,อางี้ หรือ วนิดา ตันติวิทยาพิทักษ์ จบชั้นมัธยมศึกษาจากโรงเรียนอะไร,โรงเรียนสตรีมหาพฤฒาราม
หลังจากหลบเข้าป่า วนิดา ตันติวิทยาพิทักษ์  กลับมาเรียนต่อกี่ปีจึงสำเร็จการศึกษา   3 ปี,หลังจากหลบเข้าป่า วนิดา ตันติวิทยาพิทักษ์  กลับมาเรียนต่อกี่ปีจึงสำเร็จการศึกษา,3 ปี
ปิยะมาศ โมนยะกุลได้แสดงภาพยนตร์เรื่องแรกในปี 2515 กำกับโดยวินิจ ภักดีวิจิตร มีชื่อเรื่องว่าอะไร   ขัง 8,ปิยะมาศ โมนยะกุลได้แสดงภาพยนตร์เรื่องแรกในปี 2515 กำกับโดยวินิจ ภักดีวิจิตร มีชื่อเรื่องว่าอะไร,ขัง 8
ลำไย ไหทองคำ นักร้องลูกทุ่งไทยมีชื่อจริงว่าอะไร   สุพรรณษา เวชกามา,ลำไย ไหทองคำ นักร้องลูกทุ่งไทยมีชื่อจริงว่าอะไร,สุพรรณษา เวชกามา
ลำไย ไหทองคำ นักร้องลูกทุ่งของไทยเกิดที่จังหวัดอะไร   จังหวัดร้อยเอ็ด,ลำไย ไหทองคำ นักร้องลูกทุ่งของไทยเกิดที่จังหวัดอะไร,จังหวัดร้อยเอ็ด
บ้านเกิดของเซอร์ปีเตอร์ โรเบิร์ต แจ็กสัน อยู่ที่เมืองใดในประเทศนิวซีแลนด์   เมือง North Island,บ้านเกิดของเซอร์ปีเตอร์ โรเบิร์ต แจ็กสัน อยู่ที่เมืองใดในประเทศนิวซีแลนด์,เมือง North Island
ภาพยนตร์เรื่อง The Lovely Bones ในปี 2009 กำกับโดยใคร   เซอร์ปีเตอร์ โรเบิร์ต แจ็กสัน,ภาพยนตร์เรื่อง The Lovely Bones ในปี 2009 กำกับโดยใคร,เซอร์ปีเตอร์ โรเบิร์ต แจ็กสัน
ทีมวอลเลย์บอลอาชีพของอินโดนีเซียที่ก่อตั้งในปี ค.ศ. 2002 ชื่อทีมว่าอะไร   ปาเลมบัง บัง ซุมเซล บาเบล,ทีมวอลเลย์บอลอาชีพของอินโดนีเซียที่ก่อตั้งในปี ค.ศ. 2002 ชื่อทีมว่าอะไร,ปาเลมบัง บัง ซุมเซล บาเบล
สนามเหย้าของทีมปาเลมบัง บัง ซุมเซล บาเบล มีชื่อสนามว่าอะไร   ปาเลมบังสปอร์ตฮอลล์,สนามเหย้าของทีมปาเลมบัง บัง ซุมเซล บาเบล มีชื่อสนามว่าอะไร,ปาเลมบังสปอร์ตฮอลล์
ประเทศอะไรเป็นเจ้าภาพจัดการแข่งขันฟุตบอลชิงแชมป์แห่งชาติยุโรป ครั้งที่ 7   ประเทศฝรั่งเศส,ประเทศอะไรเป็นเจ้าภาพจัดการแข่งขันฟุตบอลชิงแชมป์แห่งชาติยุโรป ครั้งที่ 7,ประเทศฝรั่งเศส
ช่วงเวลาใดที่เริ่มจัดการแข่งขันฟุตบอลชิงแชมป์แห่งชาติยุโรป 1984   วันที่ 12-27 มิถุนายน ค.ศ. 1984,ช่วงเวลาใดที่เริ่มจัดการแข่งขันฟุตบอลชิงแชมป์แห่งชาติยุโรป 1984,วันที่ 12-27 มิถุนายน ค.ศ. 1984
นิศาชล ต้วมสูงเนิน เกิดในจังหวัดอะไร   จังหวัด อุดรธานี,นิศาชล ต้วมสูงเนิน เกิดในจังหวัดอะไร,จังหวัด อุดรธานี
นิศาชล ต้วมสูงเนิน เป็นนักแสดงสังกัดช่องอะไร   สถานีโทรทัศน์ไทยทีวีสีช่อง 3,นิศาชล ต้วมสูงเนิน เป็นนักแสดงสังกัดช่องอะไร,สถานีโทรทัศน์ไทยทีวีสีช่อง 3
มะม่วงเป็นพืชไม้ยืนต้นอยู่ในสกุลอะไร   สกุล Mangifera,มะม่วงเป็นพืชไม้ยืนต้นอยู่ในสกุลอะไร,สกุล Mangifera
ที่ตั้งของอุทยานแห่งชาติสิรินาถ อยู่ในจังหวัดอะไร   จังหวัดภูเก็ต,ที่ตั้งของอุทยานแห่งชาติสิรินาถ อยู่ในจังหวัดอะไร,จังหวัดภูเก็ต
ไอเอ็นจีเป็นบริษัทในเนเธอร์แลนด์ที่ให้บริการเกี่ยวกับการเงิน มีสำนักงานใหญ่อยู่ที่เมืองใด   อัมสเตอร์ดัม,ไอเอ็นจีเป็นบริษัทในเนเธอร์แลนด์ที่ให้บริการเกี่ยวกับการเงิน มีสำนักงานใหญ่อยู่ที่เมืองใด,อัมสเตอร์ดัม
ในปี 2008 นิตยสารฟอร์บได้จัดอันดับให้บริษัทไอเอ็นจีมีขนาดใหญ่ติดอันดับที่เท่าไรของโลก   อันดับ 9 ของโลก,ในปี 2008 นิตยสารฟอร์บได้จัดอันดับให้บริษัทไอเอ็นจีมีขนาดใหญ่ติดอันดับที่เท่าไรของโลก,อันดับ 9 ของโลก
ท้าวสุนิมมิตเป็นจอมเทพของสวรรค์ที่มีชื่อว่าอะไร   นิมมานรดี,ท้าวสุนิมมิตเป็นจอมเทพของสวรรค์ที่มีชื่อว่าอะไร,นิมมานรดี
สวรรค์ที่อยู่ระหว่างชั้นดุสิตและชั้นปรนิมมิตวสวัตดี คือสวรรค์ชั้นอะไร   สวรรค์ชั้นนิมมานรดี,สวรรค์ที่อยู่ระหว่างชั้นดุสิตและชั้นปรนิมมิตวสวัตดี คือสวรรค์ชั้นอะไร,สวรรค์ชั้นนิมมานรดี
โยโกะ โอะโนะ ทำอาชีพอะไร   นักร้อง,โยโกะ โอะโนะ ทำอาชีพอะไร,นักร้อง
งแพ จิน-ย็อง เกิดเมื่อไร   19 กุมภาพันธ์ ค.ศ. 1993,งแพ จิน-ย็อง เกิดเมื่อไร,19 กุมภาพันธ์ ค.ศ. 1993
เพลง สเตย์วิธมี ประกอบละครเรื่อง ก็อบลิน คำสาปรักผู้พิทักษ์วิญญาณ  ใครเป็นผู้ขับร้อง   แพ จิน-ย็อง,เพลง สเตย์วิธมี ประกอบละครเรื่อง ก็อบลิน คำสาปรักผู้พิทักษ์วิญญาณ  ใครเป็นผู้ขับร้อง,แพ จิน-ย็อง
สะพานที่สร้างข้ามช่องแคบบอสฟอรัสตะวันออกมีชื่อสะพานว่าอะไร   สะพานรุสสกี,สะพานที่สร้างข้ามช่องแคบบอสฟอรัสตะวันออกมีชื่อสะพานว่าอะไร,สะพานรุสสกี
สะพานรุสสกี เปิดใช้อย่างเป็นทางการโดยนายกรัฐมนตรีรัศเซียคนใด   นายกรัฐมนตรีรัสเซียดมีตรี เมดเวเดฟ,สะพานรุสสกี เปิดใช้อย่างเป็นทางการโดยนายกรัฐมนตรีรัศเซียคนใด,นายกรัฐมนตรีรัสเซียดมีตรี เมดเวเดฟ
นักกีฬาหมากล้อมระดับอาชีพชาวจีนที่อาศัยอยู่ในประเทศญี่ปุ่นคือใคร   หลิน ไห่เฟิง,นักกีฬาหมากล้อมระดับอาชีพชาวจีนที่อาศัยอยู่ในประเทศญี่ปุ่นคือใคร,หลิน ไห่เฟิง
หลิน ไห่เฟิง มีชื่อเรียกอีกชื่อว่าอะไร   ริน ไคโฮ,หลิน ไห่เฟิง มีชื่อเรียกอีกชื่อว่าอะไร,ริน ไคโฮ
นักมวยสากลชาวอาร์เจนตินาคนใดที่เสียชีวิตเมื่อ 22 พฤศจิกายน พ.ศ. 2520   ปัสกวัล นีโกลัส เปเรซ,นักมวยสากลชาวอาร์เจนตินาคนใดที่เสียชีวิตเมื่อ 22 พฤศจิกายน พ.ศ. 2520,ปัสกวัล นีโกลัส เปเรซ
การชกป้องกันแชมป์ครั้งที่ 11 ของปัสกวัล นีโกลัส เปเรซ แพ้ให้กับใคร   โผน กิ่งเพชร,การชกป้องกันแชมป์ครั้งที่ 11 ของปัสกวัล นีโกลัส เปเรซ แพ้ให้กับใคร,โผน กิ่งเพชร
เมืองกัวยากิลตั้งอยู่ฝั่งใดของแม่น้ำกัวยัส   ฝั่งตะวันตกของแม่น้ำกัวยัส,เมืองกัวยากิลตั้งอยู่ฝั่งใดของแม่น้ำกัวยัส,ฝั่งตะวันตกของแม่น้ำกัวยัส
โลกรอญโญตั้งอยู่ริมฝั่งแม่น้ำเอโบรทางภาคเหนือของประเทศอะไร   ประเทศสเปน,โลกรอญโญตั้งอยู่ริมฝั่งแม่น้ำเอโบรทางภาคเหนือของประเทศอะไร,ประเทศสเปน
ศูนย์กลางการผลิตไวน์ริโอฆาอยู่ที่จังหวัดอะไรในประเทศสเปน   จังหวัดโลกรอญโญ,ศูนย์กลางการผลิตไวน์ริโอฆาอยู่ที่จังหวัดอะไรในประเทศสเปน,จังหวัดโลกรอญโญ
บ้านเกิดของ อุเอะโนะ ฮิโกะมะ ช่างถ่ายภาพชาวญี่ปุ่น อยู่ที่ไหน   นะงะซะกิ,บ้านเกิดของ อุเอะโนะ ฮิโกะมะ ช่างถ่ายภาพชาวญี่ปุ่น อยู่ที่ไหน,นะงะซะกิ
ใครคือบุคคลสำคัญในการถ่ายภาพของญี่ปุ่นในศตวรรษที่ 19   อุเอะโนะ,ใครคือบุคคลสำคัญในการถ่ายภาพของญี่ปุ่นในศตวรรษที่ 19,อุเอะโนะ
นายกรัฐมนตรีคนที่ 24 ของประเทศไทยคือใคร   พลเอกสุรยุทธ์ จุลานนท์,นายกรัฐมนตรีคนที่ 24 ของประเทศไทยคือใคร,พลเอกสุรยุทธ์ จุลานนท์
ภรรยาของนายกรัฐมนตรีคนที่ 24 ของประเทศไทยมีชื่อว่าอะไร   พันเอกหญิง ท่านผู้หญิง จิตรวดี จุลานนท์,ภรรยาของนายกรัฐมนตรีคนที่ 24 ของประเทศไทยมีชื่อว่าอะไร,พันเอกหญิง ท่านผู้หญิง จิตรวดี จุลานนท์
ใครเป็นคนนำการปฏิบัติวิปัสสนากรรมฐานแบบยุบหนอ-พองหนอ มาเผยแพร่ในประเทศไทย   สมเด็จพระพุฒาจารย์,ใครเป็นคนนำการปฏิบัติวิปัสสนากรรมฐานแบบยุบหนอ-พองหนอ มาเผยแพร่ในประเทศไทย,สมเด็จพระพุฒาจารย์
ลูกชายคนโตของนายพิมพ์ และนางแจ้ ดวงมาลา คือใคร   คำตา ดวงมาลา,ลูกชายคนโตของนายพิมพ์ และนางแจ้ ดวงมาลา คือใคร,คำตา ดวงมาลา
พืชวงศ์แตงมีประมาณกี่ชนิด   960 ชนิด,พืชวงศ์แตงมีประมาณกี่ชนิด,960 ชนิด
ธนาคารที่ใหญ่ที่สุดของประเทศญี่ปุ่นคือธนาคารอะไร   ธนาคารโตเกียว-มิตซูบิชิ ยูเอฟเจ,ธนาคารที่ใหญ่ที่สุดของประเทศญี่ปุ่นคือธนาคารอะไร,ธนาคารโตเกียว-มิตซูบิชิ ยูเอฟเจ
นาคารโตเกียว-มิตซูบิชิ ยูเอฟเจ ถือหุ้นธนาคารกรุงศรีอยุธยาอยู่กี่เปอร์เซ็นต์   ถือหุ้น 76.88%,นาคารโตเกียว-มิตซูบิชิ ยูเอฟเจ ถือหุ้นธนาคารกรุงศรีอยุธยาอยู่กี่เปอร์เซ็นต์,ถือหุ้น 76.88%
โทมัส เจคอบ ฮิลฟิเกอร์ เกิดที่เมืองอะไรในรัฐนิวยอร์ก   เมืองเอลมีรา (Elmira),โทมัส เจคอบ ฮิลฟิเกอร์ เกิดที่เมืองอะไรในรัฐนิวยอร์ก,เมืองเอลมีรา (Elmira)
ส้มแปะ อยู่ในวงศ์พืชชื่อว่าอะไร   Ericaceae,ส้มแปะ อยู่ในวงศ์พืชชื่อว่าอะไร,Ericaceae
ส้มแปะ มีชื่อเรียกในภาษากะเหรี่ยงเรียกว่าอะไร   เส่อแบละ,ส้มแปะ มีชื่อเรียกในภาษากะเหรี่ยงเรียกว่าอะไร,เส่อแบละ
ลูกชายพ.ต.ท.ชัยยง ขำเปี่ยม และนางวันนา ขำเปี่ยม มีชื่อว่าอะไร   สหวิช ขำเปี่ยม,ลูกชายพ.ต.ท.ชัยยง ขำเปี่ยม และนางวันนา ขำเปี่ยม มีชื่อว่าอะไร,สหวิช ขำเปี่ยม
การคมนาคมของแคว้นมาร์เค ของประเทศอิตาลีในช่วงคริสต์ศตวรรษที่ 19 เดินทางด้วยวิธีใด   ทางรถไฟ,การคมนาคมของแคว้นมาร์เค ของประเทศอิตาลีในช่วงคริสต์ศตวรรษที่ 19 เดินทางด้วยวิธีใด,ทางรถไฟ
ยอดดอยที่มีความสูงที่สุดในประเทศไทยคือดอยอะไร   ดอยอินทนนท์,ยอดดอยที่มีความสูงที่สุดในประเทศไทยคือดอยอะไร,ดอยอินทนนท์
พระอัฐิของพระเจ้าอินทวิชยานนท์ส่วนหนึ่งอยู่ที่ดอยอะไรในจังหวัดเชียงใหม่   ดอยหลวง,พระอัฐิของพระเจ้าอินทวิชยานนท์ส่วนหนึ่งอยู่ที่ดอยอะไรในจังหวัดเชียงใหม่,ดอยหลวง
ภาษาโตเบโล ที่ทั้งหมดกี่สำเนียง   มี 6 สำเนียง,ภาษาโตเบโล ที่ทั้งหมดกี่สำเนียง,มี 6 สำเนียง
เฮเลโวรูรู  เป็นหนึ่งในสำเนียงของภาษาอะไร   ภาษาโตเบโล,เฮเลโวรูรู  เป็นหนึ่งในสำเนียงของภาษาอะไร,ภาษาโตเบโล
นักร้องนำวงเดอะสมิธส์ ของประเทศอังกฤษคือใคร   Morrissey,นักร้องนำวงเดอะสมิธส์ ของประเทศอังกฤษคือใคร,Morrissey
วงเดอะสมิธส์ วงดนตรีออลเทอร์นาทิฟร็อกจากแมนเซสเตอร์ ประเทศอังกฤษ ถูกยุบวงเมื่อปีใด   ปี 1987,วงเดอะสมิธส์ วงดนตรีออลเทอร์นาทิฟร็อกจากแมนเซสเตอร์ ประเทศอังกฤษ ถูกยุบวงเมื่อปีใด,ปี 1987
ยุทธการที่ไลพ์ซิช เกิดขึ้นเมื่อไร   วันที่ 16 ถึง 19 ตุลาคม ค.ศ. 1813,ยุทธการที่ไลพ์ซิช เกิดขึ้นเมื่อไร,วันที่ 16 ถึง 19 ตุลาคม ค.ศ. 1813
หลังงจากพ่ายแพ้สงคารม ทำให้นโปเลียนถูกเนรเทศไปอยู่ที่เกาะอะไร   เกาะเอลบา,หลังงจากพ่ายแพ้สงคารม ทำให้นโปเลียนถูกเนรเทศไปอยู่ที่เกาะอะไร,เกาะเอลบา
คำกล่าวทักทายของคนไทยที่ใช้เมื่อแรกพบกัน หรือเพื่อบอกลา คือคำว่าอะไร   สวัสดี,คำกล่าวทักทายของคนไทยที่ใช้เมื่อแรกพบกัน หรือเพื่อบอกลา คือคำว่าอะไร,สวัสดี
ผู้ที่ริเริ่มใช้คำว่า สวัสดี เป็นคำกล่าวทักทาย คือใคร   พระยาอุปกิตศิลปสาร (นิ่ม กาญจนาชีวะ),ผู้ที่ริเริ่มใช้คำว่า สวัสดี เป็นคำกล่าวทักทาย คือใคร,พระยาอุปกิตศิลปสาร (นิ่ม กาญจนาชีวะ)
อำเภอหัวไทร จังหวัดนครศรีธรรมราช ด้านทิศเหนือติดต่อกับอำเภออะไร   อำเภอปากพนัง,อำเภอหัวไทร จังหวัดนครศรีธรรมราช ด้านทิศเหนือติดต่อกับอำเภออะไร,อำเภอปากพนัง
เครื่องราชอิสริยาภรณ์ชั้นสูงสุดที่ยงยุทธ มัยลาภได้รับมีชื่อว่าอะไร   ชั้นตริตาภรณ์มงกุฎไทย (ต.ม.),เครื่องราชอิสริยาภรณ์ชั้นสูงสุดที่ยงยุทธ มัยลาภได้รับมีชื่อว่าอะไร,ชั้นตริตาภรณ์มงกุฎไทย (ต.ม.)
ปืนไรเฟิลซุ่มยิงแบบ bullpup ผลิตออกมาในช่วงต้นยุค 1990 มีชื่อว่าอะไร   AWC G2,ปืนไรเฟิลซุ่มยิงแบบ bullpup ผลิตออกมาในช่วงต้นยุค 1990 มีชื่อว่าอะไร,AWC G2
นักฟุตบอลของชิลีที่เล่นเกมมากที่สุด 84 เกมในระหว่างปี 1955 ถึง1968 คือใคร   เลโอเนล กีเยร์โม ซานเชซ ลีเนโรส,นักฟุตบอลของชิลีที่เล่นเกมมากที่สุด 84 เกมในระหว่างปี 1955 ถึง1968 คือใคร,เลโอเนล กีเยร์โม ซานเชซ ลีเนโรส
ลักษณ์นารา เปี้ยทา มีพี่น้องกี่คน   หนึ่งคน,ลักษณ์นารา เปี้ยทา มีพี่น้องกี่คน,หนึ่งคน
ลักษณ์นารา เปี้ยทา เรียนคณะอะไร   คณะอักษรศาสตร์,ลักษณ์นารา เปี้ยทา เรียนคณะอะไร,คณะอักษรศาสตร์
เขตบริหารพิเศษฮ่องกง เข้าร่วมแข่งขันกีฬาโอลิมปิกฤดูร้อนครั้งที่เท่าไร   ครั้งที่ 29,เขตบริหารพิเศษฮ่องกง เข้าร่วมแข่งขันกีฬาโอลิมปิกฤดูร้อนครั้งที่เท่าไร,ครั้งที่ 29
เขตบริหารพิเศษฮ่องกง เข้าร่วมแข่งขันกีฬาโอลิมปิกฤดูร้อนครั้งที่ 29 ที่ประเทศอะไร   สาธารณรัฐประชาชนจีน,เขตบริหารพิเศษฮ่องกง เข้าร่วมแข่งขันกีฬาโอลิมปิกฤดูร้อนครั้งที่ 29 ที่ประเทศอะไร,สาธารณรัฐประชาชนจีน
คิม ยอน-คยอง นักกีฬาวอลเลย์บอลหญิงทีมชาติเกาหลีใต้ เรียนชั้นมัธยมปลายที่โรงเรียนอะไร   โรงเรียนมัธยมปลายสตรีวิทยาการคอมพิวเตอร์ซูว็อน,คิม ยอน-คยอง นักกีฬาวอลเลย์บอลหญิงทีมชาติเกาหลีใต้ เรียนชั้นมัธยมปลายที่โรงเรียนอะไร,โรงเรียนมัธยมปลายสตรีวิทยาการคอมพิวเตอร์ซูว็อน
โรงเรียนมัธยมปลายสตรีวิทยาการคอมพิวเตอร์ซูว็อน ตั้งอยู่ในจังหวัดใดของประเทศเกาหลีใต้   จังหวัดคย็องกี,โรงเรียนมัธยมปลายสตรีวิทยาการคอมพิวเตอร์ซูว็อน ตั้งอยู่ในจังหวัดใดของประเทศเกาหลีใต้,จังหวัดคย็องกี
พระราชชนนีในจักรพรรดิไทโช คือใคร   ซาราวาบิ โนะ สึโบเนะ,พระราชชนนีในจักรพรรดิไทโช คือใคร,ซาราวาบิ โนะ สึโบเนะ
นารูโกะ ยานางิวาระเกิดที่ไหน   เกียวโต,นารูโกะ ยานางิวาระเกิดที่ไหน,เกียวโต
ลาภิสรา อินทรสูต เกิดเมื่อไร   วันที่ 1 กันยายน พ.ศ. 2537,ลาภิสรา อินทรสูต เกิดเมื่อไร,วันที่ 1 กันยายน พ.ศ. 2537
อุปกรณ์แปลงร่างที่เรียกว่า อุลตร้าแบดจ์ ของ ฮิงาชิ โคทาโร่ ทำให้แปลงร่างเป็นอะไร   อุลตร้าแมนทาโร่,อุปกรณ์แปลงร่างที่เรียกว่า อุลตร้าแบดจ์ ของ ฮิงาชิ โคทาโร่ ทำให้แปลงร่างเป็นอะไร,อุลตร้าแมนทาโร่
อุลตร้าแมนทาโร่ในซีรีส์ได้รับเลือกให้เป็นผู้พิทักษ์โลกต่อจากใคร   อุลตร้าแมนเอช,อุลตร้าแมนทาโร่ในซีรีส์ได้รับเลือกให้เป็นผู้พิทักษ์โลกต่อจากใคร,อุลตร้าแมนเอช
บทละครเรื่องดารัมซาล่า ด้วยรักและศรัทธา ใครเป็นผู้กำกับการแสดง   โชคชัย เจริญสุข,บทละครเรื่องดารัมซาล่า ด้วยรักและศรัทธา ใครเป็นผู้กำกับการแสดง,โชคชัย เจริญสุข
นักแสดงนำละครเรื่องดารัมซาล่า ด้วยรักและศรัทธา ฝ่ายชายคือใคร   ไตรรงค์ ชัยนรานนท์,นักแสดงนำละครเรื่องดารัมซาล่า ด้วยรักและศรัทธา ฝ่ายชายคือใคร,ไตรรงค์ ชัยนรานนท์
เครื่องราชอิศริยาภรณ์สหไมตรี เป็นชื่อของตระกูลเครื่องราชอิสริยาภรณ์ซึ่งมอบโดยรัฐบาลของประเทศอะไร   พระราชอาณาจักรกัมพูชา,เครื่องราชอิศริยาภรณ์สหไมตรี เป็นชื่อของตระกูลเครื่องราชอิสริยาภรณ์ซึ่งมอบโดยรัฐบาลของประเทศอะไร,พระราชอาณาจักรกัมพูชา
เครื่องราชอิศริยาภรณ์สหไมตรี มีลำดับเกียรติทั้งหมดกี่ชั้น   5 ชั้น,เครื่องราชอิศริยาภรณ์สหไมตรี มีลำดับเกียรติทั้งหมดกี่ชั้น,5 ชั้น
เมืองที่มีความแห้งแล้งที่สุดในจังหวัดฮกไกโด ประเทศญี่ปุ่น คือเมืองอะไร   อาบาชิริ,เมืองที่มีความแห้งแล้งที่สุดในจังหวัดฮกไกโด ประเทศญี่ปุ่น คือเมืองอะไร,อาบาชิริ
เรือนจำอาบาชิริ ของประเทศญี่ปุ่นใช้กักขังนักโทษการเมืองในยุคใด   ยุคเมจิ,เรือนจำอาบาชิริ ของประเทศญี่ปุ่นใช้กักขังนักโทษการเมืองในยุคใด,ยุคเมจิ
ผู้ถวายพระนมและการอภิบาลพระบาทสมเด็จพระจุลจอมเกล้าเจ้าอยู่หัว คือใคร   พระนมปริก,ผู้ถวายพระนมและการอภิบาลพระบาทสมเด็จพระจุลจอมเกล้าเจ้าอยู่หัว คือใคร,พระนมปริก
พระนมปริกได้แต่งงานกับใคร   นายเสถียรรักษา (เที่ยง),พระนมปริกได้แต่งงานกับใคร,นายเสถียรรักษา (เที่ยง)
ไมตรี ลิมปิชาติ เริ่มเขียนหนังสือตั้งแต่ปีพ.ศ. อะไร   ปีพ.ศ. ๒๕๑๓,ไมตรี ลิมปิชาติ เริ่มเขียนหนังสือตั้งแต่ปีพ.ศ. อะไร,ปีพ.ศ. ๒๕๑๓
ผลงานรวมเล่มเรื่องสั้นเล่มแรก ของนักเขียนไมตรี ลิมปิชาติ มีชื่อว่าอะไร   ทางออกที่ถูกปิด,ผลงานรวมเล่มเรื่องสั้นเล่มแรก ของนักเขียนไมตรี ลิมปิชาติ มีชื่อว่าอะไร,ทางออกที่ถูกปิด
สะเออะ เป็นอาหารของภาคใดในประเทศไทย   อีสาน,สะเออะ เป็นอาหารของภาคใดในประเทศไทย,อีสาน
เรวิญานันท์ ทาเกิด หรือ เบญ เป็นจังหวัดอะไร   จังหวัดลำพูน,เรวิญานันท์ ทาเกิด หรือ เบญ เป็นจังหวัดอะไร,จังหวัดลำพูน
เรวิญานันท์ ทาเกิด จบการศึกษาจากคณะอะไร   คณะบริหารธุรกิจ,เรวิญานันท์ ทาเกิด จบการศึกษาจากคณะอะไร,คณะบริหารธุรกิจ
ซานลุยส์โปโตซีเป็นรัฐในประเทศอะไร   ประเทศเม็กซิโก,ซานลุยส์โปโตซีเป็นรัฐในประเทศอะไร,ประเทศเม็กซิโก
ทางทิศเหนือของรัฐซานลุยส์โปโตซี ประเทศแม็กซิโก มีอาณาเขตติดต่อกับรัฐใด   รัฐโกอาวีลา,ทางทิศเหนือของรัฐซานลุยส์โปโตซี ประเทศแม็กซิโก มีอาณาเขตติดต่อกับรัฐใด,รัฐโกอาวีลา
สภาแห่งชาติเพื่อการฟื้นฟูติมอร์ ก่อตั้งโดยใคร   อดีตประธานาธิบดีชานานา กุฌเมา,สภาแห่งชาติเพื่อการฟื้นฟูติมอร์ ก่อตั้งโดยใคร,อดีตประธานาธิบดีชานานา กุฌเมา
ในเดือนมีนาคม พ.ศ. 2550 ได้มีการก่อตั้งพรรคการเมืองในประเทศติมอร์-เลสเต มีชื่อพรรคว่าอะไร   สภาแห่งชาติเพื่อการฟื้นฟูติมอร์,ในเดือนมีนาคม พ.ศ. 2550 ได้มีการก่อตั้งพรรคการเมืองในประเทศติมอร์-เลสเต มีชื่อพรรคว่าอะไร,สภาแห่งชาติเพื่อการฟื้นฟูติมอร์
นายคำแหง พันธุ์มี นักมวยชาวจังหวัดอะไร   จังหวัดอุดรธานี,นายคำแหง พันธุ์มี นักมวยชาวจังหวัดอะไร,จังหวัดอุดรธานี
สถิติการชกของนายคำแหง พันธุ์มี ชนะน๊อคกี่ครั้ง   น็อค 2,สถิติการชกของนายคำแหง พันธุ์มี ชนะน๊อคกี่ครั้ง,น็อค 2
เมืองท่าชายฝั่งที่มีชื่อเสียงทางภาคตะวันตกเฉียงใต้ของรัฐบริติชโคลัมเบีย ประเทศแคนาดา มีชื่อว่าอะไร   แวนคูเวอร์,เมืองท่าชายฝั่งที่มีชื่อเสียงทางภาคตะวันตกเฉียงใต้ของรัฐบริติชโคลัมเบีย ประเทศแคนาดา มีชื่อว่าอะไร,แวนคูเวอร์
ศูนย์กลางการถ่ายทำภาพยนตร์เป็นอันดับสามของอเมริกาเหนือคือเมืองอะไร   แวนคูเวอร์,ศูนย์กลางการถ่ายทำภาพยนตร์เป็นอันดับสามของอเมริกาเหนือคือเมืองอะไร,แวนคูเวอร์
ฟุตบอลประเพณีจุฬาฯ-ธรรมศาสตร์ ครั้งที่ 72 ใครเป็นเจ้าภาพ   จุฬาลงกรณ์มหาวิทยาลัย,ฟุตบอลประเพณีจุฬาฯ-ธรรมศาสตร์ ครั้งที่ 72 ใครเป็นเจ้าภาพ,จุฬาลงกรณ์มหาวิทยาลัย
สนามที่ใช้แข่งฟุตบอลประเพณีจุฬาฯ-ธรรมศาสตร์ ครั้งที่ 72 คือสนามอะไร   สนามศุภชลาศัย,สนามที่ใช้แข่งฟุตบอลประเพณีจุฬาฯ-ธรรมศาสตร์ ครั้งที่ 72 คือสนามอะไร,สนามศุภชลาศัย
คุณหญิงนอกทำเนียบ เป็นบทประพันธ์ของใคร   ทมยันตี,คุณหญิงนอกทำเนียบ เป็นบทประพันธ์ของใคร,ทมยันตี
สหมงคลฟิล์ม สร้างภาพยนตร์เรื่อง คุณหญิงนอกทำเนียบ ขึ้นในปีใด   ปี พ.ศ. 2517,สหมงคลฟิล์ม สร้างภาพยนตร์เรื่อง คุณหญิงนอกทำเนียบ ขึ้นในปีใด,ปี พ.ศ. 2517
มหาดเล็กคนสำคัญในประวัติศาสตร์เกาหลีสมัยราชวงศ์โชซอนคือใคร   คิม ชอ-ซ็อน,มหาดเล็กคนสำคัญในประวัติศาสตร์เกาหลีสมัยราชวงศ์โชซอนคือใคร,คิม ชอ-ซ็อน
ขันทีสมัยราชวงศ์โชซอนในเกาหลีคนใดที่มีโอกาสถวายงานพระราชาถึงห้าพระองค์   คิม ชอ-ซ็อน,ขันทีสมัยราชวงศ์โชซอนในเกาหลีคนใดที่มีโอกาสถวายงานพระราชาถึงห้าพระองค์,คิม ชอ-ซ็อน
สินค้ากีฬาจากเยอรมนี ที่มีคำขวัญว่า Impossible is Nothing เป็นสินค้ายี่ห้ออะไร   อาดิดาส,สินค้ากีฬาจากเยอรมนี ที่มีคำขวัญว่า Impossible is Nothing เป็นสินค้ายี่ห้ออะไร,อาดิดาส
Rudolf สร้างแบรนด์รองเท้าของตัวเองที่มีชื่อว่าอะไร   Puma,Rudolf สร้างแบรนด์รองเท้าของตัวเองที่มีชื่อว่าอะไร,Puma
ชาวอาหรับมักเรียกแอฟริกาว่าอะไร   อิฟริกียะห์,ชาวอาหรับมักเรียกแอฟริกาว่าอะไร,อิฟริกียะห์
แอฟริกาเป็นจังหวัดหนึ่งของจักรวรรดิโรมัน มีอีกชื่อเรียกว่าอะไร   อาฟรีกา,แอฟริกาเป็นจังหวัดหนึ่งของจักรวรรดิโรมัน มีอีกชื่อเรียกว่าอะไร,อาฟรีกา
จังหวัดฮีลากังซามาร์ ตั้งอยู่ในประเทศอะไร   ประเทศฟิลิปปินส์,จังหวัดฮีลากังซามาร์ ตั้งอยู่ในประเทศอะไร,ประเทศฟิลิปปินส์
ทางตอนเหนือของจังหวัดฮีลากังซามาร์มีพื้นที่ติดต่อกับเกาะอะไร   เกาะซามาร์,ทางตอนเหนือของจังหวัดฮีลากังซามาร์มีพื้นที่ติดต่อกับเกาะอะไร,เกาะซามาร์
พระมารดาของสมเด็จพระราชินีนาถอีซาเบลที่ 2 แห่งสเปนมีพระนามว่าอะไร   สมเด็จพระราชินีมาเรีย คริสตีน่า,พระมารดาของสมเด็จพระราชินีนาถอีซาเบลที่ 2 แห่งสเปนมีพระนามว่าอะไร,สมเด็จพระราชินีมาเรีย คริสตีน่า
หลิว อาจารียา เกิดเมื่อไร   วันอาทิตย์ที่ 23 กุมภาพันธ์ พ.ศ. 2529,หลิว อาจารียา เกิดเมื่อไร,วันอาทิตย์ที่ 23 กุมภาพันธ์ พ.ศ. 2529
แม่ของ หลิว อาจารียา มีชื่อว่าอะไร   นางอัจฉรา พรหมพฤกษ์,แม่ของ หลิว อาจารียา มีชื่อว่าอะไร,นางอัจฉรา พรหมพฤกษ์
ปนัดดา โกมารทัต เล่นบทนางเอกครั้งแรกในเรื่องอะไร   เรื่องหยาดพิรุณ,ปนัดดา โกมารทัต เล่นบทนางเอกครั้งแรกในเรื่องอะไร,เรื่องหยาดพิรุณ
พระเอกที่เล่นคู่กับปนัดดา โกมารทัต ในเรื่องหยาดพิรุณ คือใคร   คุณ สรพงษ์ ชาตรี,พระเอกที่เล่นคู่กับปนัดดา โกมารทัต ในเรื่องหยาดพิรุณ คือใคร,คุณ สรพงษ์ ชาตรี
วัดราษฎร์บูรณะ จังหวัดสมุทรปราการ สร้างขึ้นในปีใด   พ.ศ. 2425,วัดราษฎร์บูรณะ จังหวัดสมุทรปราการ สร้างขึ้นในปีใด,พ.ศ. 2425
พระราชวังวินด์เซอร์ ตั้งอยู่ในมณฑลที่ชื่อว่าอะไร   ราชมณฑลบาร์กเชอร์,พระราชวังวินด์เซอร์ ตั้งอยู่ในมณฑลที่ชื่อว่าอะไร,ราชมณฑลบาร์กเชอร์
สมเด็จพระราชินีพระราชทานพระราชเอกสารสิทธิ ในการใช้ชื่อบาร์กเชอร์อย่างเป็นทางการในปี ค.ศ. ใด   ปี ค.ศ. 1974,สมเด็จพระราชินีพระราชทานพระราชเอกสารสิทธิ ในการใช้ชื่อบาร์กเชอร์อย่างเป็นทางการในปี ค.ศ. ใด,ปี ค.ศ. 1974
"ผู้ประพันธ์ทำนองเพลง ""โสมส่องใจ"" มีชื่อว่าอะไร   ปิ่นศิริ ศิริปิ่น","ผู้ประพันธ์ทำนองเพลง ""โสมส่องใจ"" มีชื่อว่าอะไร",ปิ่นศิริ ศิริปิ่น
โรงเรียนดนตรีและลีลา ศิริปิ่น ก่อตั้งขึ้นเมื่อไร   เมื่อปีพ.ศ. 2530,โรงเรียนดนตรีและลีลา ศิริปิ่น ก่อตั้งขึ้นเมื่อไร,เมื่อปีพ.ศ. 2530
วัดท่าควาย ในจังหวัดอุตรดิตถ์ ปัจจุบันใช้ชื่อว่าอะไร   วัดใหม่เจริญธรรม,วัดท่าควาย ในจังหวัดอุตรดิตถ์ ปัจจุบันใช้ชื่อว่าอะไร,วัดใหม่เจริญธรรม
วัดใหม่เจริญธรรม ในจังหวัดอุตรดิตถ์ ได้รับพระราชวิสุงคามสีมา เมื่อวันใด   วันที่ 25 ธันวาคม พ.ศ. 2539,วัดใหม่เจริญธรรม ในจังหวัดอุตรดิตถ์ ได้รับพระราชวิสุงคามสีมา เมื่อวันใด,วันที่ 25 ธันวาคม พ.ศ. 2539
สนธิสัญญาแบร์นมีการลงนามในสัญญาเมื่อไร   วันที่ 9 ตุลาคม ค.ศ. 1874,สนธิสัญญาแบร์นมีการลงนามในสัญญาเมื่อไร,วันที่ 9 ตุลาคม ค.ศ. 1874
สนธิสัญญาแบร์นมีการลงนามในกรุงแบร์น ซึ่งตั้งอยู่ที่ประเทศอะไร   ประเทศสวิตเซอร์แลนด์,สนธิสัญญาแบร์นมีการลงนามในกรุงแบร์น ซึ่งตั้งอยู่ที่ประเทศอะไร,ประเทศสวิตเซอร์แลนด์
รัฐบาลที่มาจากการรัฐประหารในประเทศชิลี เมื่อปี พ.ศ. 2516 ทำการยึดอำนาจโดยใคร   จอมพล Augusto Pinochet,รัฐบาลที่มาจากการรัฐประหารในประเทศชิลี เมื่อปี พ.ศ. 2516 ทำการยึดอำนาจโดยใคร,จอมพล Augusto Pinochet
ผู้นำคอมมิวนิสต์คนแรกของโลกที่ขึ้นสู่อำนาจด้วยการเลือกตั้งคือใคร   ปธน.ซัลวาดอร์ อัลเลนเย้,ผู้นำคอมมิวนิสต์คนแรกของโลกที่ขึ้นสู่อำนาจด้วยการเลือกตั้งคือใคร,ปธน.ซัลวาดอร์ อัลเลนเย้
จุดที่สูงที่สุดของอำเภอหล่มเก่า จังหวัดเพชรบูรณ์คือที่ใด   ภูทับเบิก,จุดที่สูงที่สุดของอำเภอหล่มเก่า จังหวัดเพชรบูรณ์คือที่ใด,ภูทับเบิก
ยอดสิงห์แดง จ.ชัยจินดา มีชื่อจริงว่าอะไร   ลิขิต จันทร์ณี,ยอดสิงห์แดง จ.ชัยจินดา มีชื่อจริงว่าอะไร,ลิขิต จันทร์ณี
ยอดสิงห์แดง ได้แชมป์ PABA รุ่นแบนตั่มเวท เมื่อวันที่ 22 เมษายน พ.ศ. 2559 การแข่งขันจัดขึ้นที่จังหวัดใดของประเทศไทย   จังหวัดอุบลราชธานี,ยอดสิงห์แดง ได้แชมป์ PABA รุ่นแบนตั่มเวท เมื่อวันที่ 22 เมษายน พ.ศ. 2559 การแข่งขันจัดขึ้นที่จังหวัดใดของประเทศไทย,จังหวัดอุบลราชธานี
อำเภอสบเมย จังหวัดแม่ฮ่องสอน ทางด้านทิศเหนือติดกับอำเภออะไร   อำเภอแม่สะเรียง,อำเภอสบเมย จังหวัดแม่ฮ่องสอน ทางด้านทิศเหนือติดกับอำเภออะไร,อำเภอแม่สะเรียง
การปกครองส่วนท้องถิ่นอำเภอสบเมย จังหวัดแม่ฮ่องสอน ประกอบด้วยองค์กรปกครองส่วนท้องถิ่นกี่แห่ง   6 แห่ง,การปกครองส่วนท้องถิ่นอำเภอสบเมย จังหวัดแม่ฮ่องสอน ประกอบด้วยองค์กรปกครองส่วนท้องถิ่นกี่แห่ง,6 แห่ง
เมืองทองนิเวศน์ เป็นหมู่บ้านจัดสรรในเครือบริษัทอะไร   บริษัทบางกอกแลนด์,เมืองทองนิเวศน์ เป็นหมู่บ้านจัดสรรในเครือบริษัทอะไร,บริษัทบางกอกแลนด์
เมืองทองธานี จังหวัดนนทบุรี มีชื่อเดิมว่าอะไร   เมืองทอง 3,เมืองทองธานี จังหวัดนนทบุรี มีชื่อเดิมว่าอะไร,เมืองทอง 3
ผลงานเพลงปี 1997  ที่ขายดีที่สุดของซาราห์ แอนน์ แมคลาชแลน มีชื่อชุดว่าอะไร   ชุด Surfacing,ผลงานเพลงปี 1997  ที่ขายดีที่สุดของซาราห์ แอนน์ แมคลาชแลน มีชื่อชุดว่าอะไร,ชุด Surfacing
ซาราห์ แอนน์ แมคลาชแลน เป็นนักร้องชาวอะไร   ชาวแคนาดา,ซาราห์ แอนน์ แมคลาชแลน เป็นนักร้องชาวอะไร,ชาวแคนาดา
พ่อของยัน โยเซฟส์โซน ฟัน โคเยิน จิตรกรชาวดัตช์ ทำอาชีพอะไร   ช่างทำรองเท้า,พ่อของยัน โยเซฟส์โซน ฟัน โคเยิน จิตรกรชาวดัตช์ ทำอาชีพอะไร,ช่างทำรองเท้า
ซันตากูโลมาดากรามาแน็ต เป็นเมืองในแคว้นใดของประเทศสเปน   แคว้นคาเทโลเนีย,ซันตากูโลมาดากรามาแน็ต เป็นเมืองในแคว้นใดของประเทศสเปน,แคว้นคาเทโลเนีย
ฮา 7 ดาวเป็นรายการตลกที่ออกอากาศในช่วง ปี พ.ศ. 2539 ถึง พ.ศ. 2541 ผลิตรายการโดยบริษัทอะไร   บริษัท เจเอสแอล จำกัด,ฮา 7 ดาวเป็นรายการตลกที่ออกอากาศในช่วง ปี พ.ศ. 2539 ถึง พ.ศ. 2541 ผลิตรายการโดยบริษัทอะไร,บริษัท เจเอสแอล จำกัด
เพลงประจำชาติของประเทศอิสราเอลมีชื่อว่าอะไร   ฮาทิควา,เพลงประจำชาติของประเทศอิสราเอลมีชื่อว่าอะไร,ฮาทิควา
จาค็อบ แฮร์รี แมไกวร์ เป็นนักฟุตบอลชาวอังกฤษ เล่นตำแหน่งใดในทีมฟุตบอล   ตำแหน่งกองหลัง,จาค็อบ แฮร์รี แมไกวร์ เป็นนักฟุตบอลชาวอังกฤษ เล่นตำแหน่งใดในทีมฟุตบอล,ตำแหน่งกองหลัง
จังหวัดปาดกาแลตั้งอยู่ในแคว้นใดของประเทศฝรั่งเศส   แคว้นโอดฟร็องส์,จังหวัดปาดกาแลตั้งอยู่ในแคว้นใดของประเทศฝรั่งเศส,แคว้นโอดฟร็องส์
ปราสาทตาเมือนธม ตั้งอยู่ในจังหวัดสุรินทร์บนเทือกเขาอะไร   เทือกเขาพนมดงรัก,ปราสาทตาเมือนธม ตั้งอยู่ในจังหวัดสุรินทร์บนเทือกเขาอะไร,เทือกเขาพนมดงรัก
ปราสาทตาเมือนธม ตั้งอยู่ในอำเภอพนมดงรักจังหวัดอะไร   จังหวัดสุรินทร์,ปราสาทตาเมือนธม ตั้งอยู่ในอำเภอพนมดงรักจังหวัดอะไร,จังหวัดสุรินทร์
ปาเวล เนดเวตได้รับการแต่งตั้งเป็นกัปตันทีมในการแข่งขันฟุตบอลชิงแชมป์แห่งชาติยุโรปในปีใด   2004,ปาเวล เนดเวตได้รับการแต่งตั้งเป็นกัปตันทีมในการแข่งขันฟุตบอลชิงแชมป์แห่งชาติยุโรปในปีใด,2004
บ้านเกิดของซานเตียโก กาลาตราบา บัลส์ อยู่ที่เมืองใดของประเทศสเปน   เมืองเบนีมาเมต,บ้านเกิดของซานเตียโก กาลาตราบา บัลส์ อยู่ที่เมืองใดของประเทศสเปน,เมืองเบนีมาเมต
ใครเป็นผู้ประพันธ์เรื่อง พี่น้อง 2 เลือด ซึ่งได้นำมาสร้างเป็นละครโทรทัศน์ทางช่อง 9 โมเดิร์นไนน์   ปาณรวัฐ กิตติกรเจริญ,ใครเป็นผู้ประพันธ์เรื่อง พี่น้อง 2 เลือด ซึ่งได้นำมาสร้างเป็นละครโทรทัศน์ทางช่อง 9 โมเดิร์นไนน์,ปาณรวัฐ กิตติกรเจริญ
เพลงชื่อ คำเดียวกัน ซึ่งเป็นเพลงประกอบละครเรื่องพี่น้อง 2 เลือดเมื่อปีพ.ศ.2548 ขับร้องโดยใคร   แดน-บีม,เพลงชื่อ คำเดียวกัน ซึ่งเป็นเพลงประกอบละครเรื่องพี่น้อง 2 เลือดเมื่อปีพ.ศ.2548 ขับร้องโดยใคร,แดน-บีม
บิดาของนิกิต้า เซเกรเยวิช ครุชชอฟ ซึ่งเป็นเลขาธิการพรรคคอมมิวนิสต์แห่งสหภาพโซเวียตมีชื่อว่าอะไร   เซอร์เกย์ ครุชชอฟ นิโกโนโรวิช,บิดาของนิกิต้า เซเกรเยวิช ครุชชอฟ ซึ่งเป็นเลขาธิการพรรคคอมมิวนิสต์แห่งสหภาพโซเวียตมีชื่อว่าอะไร,เซอร์เกย์ ครุชชอฟ นิโกโนโรวิช
อรศศิพัชร์ มามีเกตุรัตน์ หรือชื่อเล่น ลูกศร ศึกษาระดับปริญญาตรีที่มหาวิทยาลัยอะไร   มหาวิทยาลัยหอการค้าไทย,อรศศิพัชร์ มามีเกตุรัตน์ หรือชื่อเล่น ลูกศร ศึกษาระดับปริญญาตรีที่มหาวิทยาลัยอะไร,มหาวิทยาลัยหอการค้าไทย
อรศศิพัชร์ มามีเกตุรัตน์ แสดงบทอะไรในละครเรื่อง หมอผีไซเบอร์   นางตานี,อรศศิพัชร์ มามีเกตุรัตน์ แสดงบทอะไรในละครเรื่อง หมอผีไซเบอร์,นางตานี
ปลานกกระจอกเป็นวงศ์ของปลากระดูกแข็งวงศ์หนึ่ง มีชื่อทางวิทยาศาสตร์ว่าอะไร   Exocoetidae,ปลานกกระจอกเป็นวงศ์ของปลากระดูกแข็งวงศ์หนึ่ง มีชื่อทางวิทยาศาสตร์ว่าอะไร,Exocoetidae
ไข่ปลานกกระจอกมีลักษณะเป็นสีส้มเม็ดเล็ก ชาวญี่ปุ่นนิยมนำมาทำเป็นอาหารอะไร   ซูชิหน้าไข่ปลา,ไข่ปลานกกระจอกมีลักษณะเป็นสีส้มเม็ดเล็ก ชาวญี่ปุ่นนิยมนำมาทำเป็นอาหารอะไร,ซูชิหน้าไข่ปลา
ผู้ที่ตั้งวงศ์ปลาตะเพียน หรือ Cyprinidae เมื่อปี ค.ศ. 1823 คือใคร   โยฮัน กุนราด ฟัน ฮัสเซิลต์,ผู้ที่ตั้งวงศ์ปลาตะเพียน หรือ Cyprinidae เมื่อปี ค.ศ. 1823 คือใคร,โยฮัน กุนราด ฟัน ฮัสเซิลต์
เขื่อนปากมูลในจังหวัดอุบลราชธานี ใช้งบประมาณในการก่อสร้างเท่าไร   240 ล้านดอลลาร์สหรัฐ,เขื่อนปากมูลในจังหวัดอุบลราชธานี ใช้งบประมาณในการก่อสร้างเท่าไร,240 ล้านดอลลาร์สหรัฐ
โมโนไซต์เป็นเม็ดเลือดชนิดใด   เม็ดเลือดขาว,โมโนไซต์เป็นเม็ดเลือดชนิดใด,เม็ดเลือดขาว
โมโนไซต์ทำหน้าที่กำจัดสิ่งแปลกปลอมในร่างกายด้วยวิธีที่เรียกว่าอะไร   วิธีฟาโกไซโตซิส,โมโนไซต์ทำหน้าที่กำจัดสิ่งแปลกปลอมในร่างกายด้วยวิธีที่เรียกว่าอะไร,วิธีฟาโกไซโตซิส
เฮนรี ริช เอิร์ลแห่งฮอลแลนด์ที่ 1 ถูกประหารชีวิตในข้อหาอะไร   ข้อหากบฏต่อแผ่นดิน,เฮนรี ริช เอิร์ลแห่งฮอลแลนด์ที่ 1 ถูกประหารชีวิตในข้อหาอะไร,ข้อหากบฏต่อแผ่นดิน
ละครเวทีของถกลเกียรติ วีรวรรณ ที่จุฑาภัทร เหล่าธรรมทัศน์ได้เล่นมีชื่อเรื่องว่าอะไร   บัลลังก์เมฆ,ละครเวทีของถกลเกียรติ วีรวรรณ ที่จุฑาภัทร เหล่าธรรมทัศน์ได้เล่นมีชื่อเรื่องว่าอะไร,บัลลังก์เมฆ
ละครโทรทัศน์เรื่อง Kiss Me รักล้นใจนายแกล้งจุ๊บ ที่ออกอากาศตอนแรกวันที่ 26 มกราคม พ.ศ. 2558 นักแสดงนำชายมีชื่อว่าอะไร   พิรัชต์ นิธิไพศาลกุล,ละครโทรทัศน์เรื่อง Kiss Me รักล้นใจนายแกล้งจุ๊บ ที่ออกอากาศตอนแรกวันที่ 26 มกราคม พ.ศ. 2558 นักแสดงนำชายมีชื่อว่าอะไร,พิรัชต์ นิธิไพศาลกุล
ผู้กำกับการแสดงเรื่อง Kiss Me รักล้นใจนายแกล้งจุ๊บ ที่ออกอากาศตอนแรกวันที่ 26 มกราคม พ.ศ. 2558 คือใคร   สรัสวดี วงศ์สมเพ็ชร,ผู้กำกับการแสดงเรื่อง Kiss Me รักล้นใจนายแกล้งจุ๊บ ที่ออกอากาศตอนแรกวันที่ 26 มกราคม พ.ศ. 2558 คือใคร,สรัสวดี วงศ์สมเพ็ชร
ปลาวัวดำเป็นปลาทะเลชนิดหนึ่งที่มีชื่อทางวิทยาศาสตร์ว่าอะไร   Odonus niger,ปลาวัวดำเป็นปลาทะเลชนิดหนึ่งที่มีชื่อทางวิทยาศาสตร์ว่าอะไร,Odonus niger
ปลาวัวดำ มีชื่อวิทยาศาสตร์ว่า Odonus niger จัดเป็นเพียงปลาชนิดเดียวที่อยู่ในสกุลใด   สกุล Odonus,ปลาวัวดำ มีชื่อวิทยาศาสตร์ว่า Odonus niger จัดเป็นเพียงปลาชนิดเดียวที่อยู่ในสกุลใด,สกุล Odonus
พระมารดาของพระเจ้าบรมวงศ์เธอพระองค์เจ้าอภัยทัต กรมหลวงเทพพลภักดิ์ มีพระนามว่าอะไร   เจ้าจอมมารดาน้อยแก้ว,พระมารดาของพระเจ้าบรมวงศ์เธอพระองค์เจ้าอภัยทัต กรมหลวงเทพพลภักดิ์ มีพระนามว่าอะไร,เจ้าจอมมารดาน้อยแก้ว
พระบิดาของเจ้าจอมมารดาน้อยแก้ว ในรัชกาลที่ 1 มีพระนามว่าอะไร   พระยาจักรีเมืองนครศรีธรรมราช,พระบิดาของเจ้าจอมมารดาน้อยแก้ว ในรัชกาลที่ 1 มีพระนามว่าอะไร,พระยาจักรีเมืองนครศรีธรรมราช
จอห์น เอ. เอกิ้น ผู้ก่อตั้งโรงเรียน BCC หรือโรงเรียนกรุงเทพคริสเตียนวิทยาลัย เกิดที่รัฐใดในประเทศสหรัฐอเมริกา   รัฐเพนซิลวาเนีย,จอห์น เอ. เอกิ้น ผู้ก่อตั้งโรงเรียน BCC หรือโรงเรียนกรุงเทพคริสเตียนวิทยาลัย เกิดที่รัฐใดในประเทศสหรัฐอเมริกา,รัฐเพนซิลวาเนีย
นักแสดงนำหญิงที่ได้รับรางวัลออสการ์จากภาพยนตร์เรื่อง Shakespeare in Love คือใคร   กวินเน็ธ เคต พัลโทรว์,นักแสดงนำหญิงที่ได้รับรางวัลออสการ์จากภาพยนตร์เรื่อง Shakespeare in Love คือใคร,กวินเน็ธ เคต พัลโทรว์
ภาพยนตร์ไทยเรื่องเสือเฒ่า ที่ออกฉายในปี พ.ศ. 2503 ใครเป็นผู้กำกับการแสดง   ครูเนรมิต,ภาพยนตร์ไทยเรื่องเสือเฒ่า ที่ออกฉายในปี พ.ศ. 2503 ใครเป็นผู้กำกับการแสดง,ครูเนรมิต
ภาพยนตร์ไทยเรื่องเสือเฒ่าที่ออกฉายในปี พ.ศ. 2503 นักแสดงที่สวมบทบาทเป็นเสือเฒ่าคือใคร   พันคำ,ภาพยนตร์ไทยเรื่องเสือเฒ่าที่ออกฉายในปี พ.ศ. 2503 นักแสดงที่สวมบทบาทเป็นเสือเฒ่าคือใคร,พันคำ
หอคอยบรรหาร-แจ่มใส ตั้งอยู่ในจังหวัดอะไรของประเทศไทย   สุพรรณบุรี,หอคอยบรรหาร-แจ่มใส ตั้งอยู่ในจังหวัดอะไรของประเทศไทย,สุพรรณบุรี
พระมารดาของพระเจ้าวรวงศ์เธอ พระองค์เจ้าศิริรัตนบุษบง มีพระนามว่าอะไร   หม่อมเจ้าประสงค์สม บริพัตร,พระมารดาของพระเจ้าวรวงศ์เธอ พระองค์เจ้าศิริรัตนบุษบง มีพระนามว่าอะไร,หม่อมเจ้าประสงค์สม บริพัตร
พระเจ้าวรวงศ์เธอพระองค์เจ้าศิริรัตนบุษบง สมรสกับใคร   หม่อมเจ้าอาชวดิศ ดิศกุล,พระเจ้าวรวงศ์เธอพระองค์เจ้าศิริรัตนบุษบง สมรสกับใคร,หม่อมเจ้าอาชวดิศ ดิศกุล
ละครโทรทัศน์ไทยเรื่องมายาสีมุก ใครเป็นบทประพันธ์   ทวิตา,ละครโทรทัศน์ไทยเรื่องมายาสีมุก ใครเป็นบทประพันธ์,ทวิตา
ตัวละครที่ชื่อ คีรินทร์ ในละครเรื่องมายาสีมุก ที่ออกอากาศทางสถานีโทรทัศน์สีกองทัพบกช่อง 7 นำแสดงโดยใคร   วีรภาพ สุภาพไพบูลย์,ตัวละครที่ชื่อ คีรินทร์ ในละครเรื่องมายาสีมุก ที่ออกอากาศทางสถานีโทรทัศน์สีกองทัพบกช่อง 7 นำแสดงโดยใคร,วีรภาพ สุภาพไพบูลย์
ม้านิลมังกร เป็นสัตว์ประหลาดในวรรณคดีไทย ที่แต่งโดยสุนทรภู่ มีชื่อเรื่องอะไร   พระอภัยมณี,ม้านิลมังกร เป็นสัตว์ประหลาดในวรรณคดีไทย ที่แต่งโดยสุนทรภู่ มีชื่อเรื่องอะไร,พระอภัยมณี
ผู้แต่งวรรณคดีไทยเรื่องพระอภัยมณี มีชื่อว่าอะไร   สุนทรภู่,ผู้แต่งวรรณคดีไทยเรื่องพระอภัยมณี มีชื่อว่าอะไร,สุนทรภู่
พระราชบิดาของหม่อมยิ่ง หรือ พระเจ้าพี่นางเธอ พระองค์เจ้ายิ่งเยาวลักษณ์ อรรคราชสุดา มีพระนามว่าอะไร   พระบาทสมเด็จพระจอมเกล้าเจ้าอยู่หัว,พระราชบิดาของหม่อมยิ่ง หรือ พระเจ้าพี่นางเธอ พระองค์เจ้ายิ่งเยาวลักษณ์ อรรคราชสุดา มีพระนามว่าอะไร,พระบาทสมเด็จพระจอมเกล้าเจ้าอยู่หัว
พระมารดาของพระองค์เจ้ายิ่งเยาวลักษณ์ อรรคราชสุดา มีพระนามว่าอะไร   เจ้าจอมมารดาแพ,พระมารดาของพระองค์เจ้ายิ่งเยาวลักษณ์ อรรคราชสุดา มีพระนามว่าอะไร,เจ้าจอมมารดาแพ
สะพานชมัยมรุเชฐอยู่บนถนนพิษณุโลก เป็นสะพานข้ามคลองอะไร   คลองเปรมประชากร,สะพานชมัยมรุเชฐอยู่บนถนนพิษณุโลก เป็นสะพานข้ามคลองอะไร,คลองเปรมประชากร
สะพานชมัยมรุเชฐ อยู่บนถนนพิษณุโลก ก่อสร้างในรัชกาลใด   รัชกาลที่ 5,สะพานชมัยมรุเชฐ อยู่บนถนนพิษณุโลก ก่อสร้างในรัชกาลใด,รัชกาลที่ 5
พ่อของอาจารย์สมพร ยกตรี คือใคร   นายคำแสน ยกตรี,พ่อของอาจารย์สมพร ยกตรี คือใคร,นายคำแสน ยกตรี
