Question,Response
สุนัขตัวแรกรับบทเป็นเบนจี้ในภาพยนตร์เรื่อง Benji ที่ออกฉายในปี พ.ศ. 2517 มีชื่อว่าอะไร,ฮิกกิ้นส์
ลูนา 1 เป็นยานอวกาศลำแรกในโครงการลูนาของโซเวียต มีชื่อเรียกอีกชื่อว่าอะไร,เมชตา
ลูนา 1 เป็นยานอวกาศลำแรกในโครงการลูนาของโซเวียต สามารถสังเกตและตรวจวัดอะไรได้โดยตรง,ลมสุริยะ
กระทรวงโฆษณาแถลงข่าวและโฆษณาชวนเชื่อของนาซีเยอรมนี ก่อตั้งขึ้นในปี ค.ศ. ใด,ปี 1933
ห้องทำงานรูปไข่ สร้างขึ้นในสมัยอดีตประธานาธิบดีคนใดของสหรัฐอเมริกา,ประธานาธิบดีวิลเลียม เอช. ทัฟต์
เครื่องอิสริยาภรณ์ดารามหาปุตราเป็นเครื่องอิสริยาภรณ์ของประเทศอินโดนีเซียมีลำดับเกียรติเป็นอันดับที่เท่าไร,อันดับที่ 2
เครื่องอิสริยาภรณ์ดารามหาปุตรา เป็นเครื่องอิสริยาภรณ์ฯ ของประเทศอะไร,ประเทศอินโดนีเซีย
เรจโจเอมีเลียเป็นเมืองในแคว้นใดในภาคเหนือของประเทศอิตาลี,แคว้นเอมีเลีย-โรมัญญา
พิกซาร์สตูดิโอสร้างคอมพิวเตอร์แอนิแมชันสัญชาติอเมริกัน ตั้งอยู่ที่เมืองอะไร,เมืองเอเมอรีวิลล์
พิกซาร์ สตูดิโอสร้างคอมพิวเตอร์แอนิแมชันสัญชาติอเมริกัน ในปัจจุบันเป็นส่วนหนึ่งของบริษัทอะไร,บริษัทเดอะวอลต์ดิสนีย์
ไซเบอร์ซันเดย์ 2008 จัดแข่งขันในวันที่ 26 ตุลาคม พ.ศ. 2551 จัดที่ประเทศอะไร,สหรัฐอเมริกา
บัดดี้ นอกซ์ เป็นนักร้องชาวอะไร,ชาวอเมริกัน
บัดดี้ นอกซ์ มีผลงานเพลงที่เป็นที่รู้จักในช่วงปี ค.ศ. 1957 ชื่อเพลงว่าอะไร,"เพลง ""Party Doll"""
สภาเศรษฐกิจโลก หรือ WEF ก่อตั้งเมื่อปี พ.ศ. ใด,ปี พ.ศ. 2514
ใครเป็นผู้ตั้งสภาเศรษฐกิจโลกขึ้นในปี พ.ศ. 2514 โดยทุกปีจะมีการประชุมที่ประเทศสวิตเซอร์แลนด์,คลาอัส มาร์ติน สเควป(Klaus Martin Schwab)
ท่าอากาศยานสุโขทัย เปิดทำการครั้งแรกเมื่อไร,วันที่ 12 เมษายน พ.ศ. 2539
สแกนดาร์ เคนส์ เป็นนักแสดงประเทศอะไร,ประเทศอังกฤษ
ลีโอสเตเดียมเป็นสนามฟุตบอลเหย้าของสโมสรฟุตบอลบางกอกกล๊าสตั้งอยู่ที่จังหวัดอะไร,จังหวัดปทุมธานี
การแข่งขันฟุตบอลชิงแชมป์แห่งชาติยุโรปครั้งที่ 6 จัดขึ้นที่ประเทศอะไร,ประเทศอิตาลี
การแข่งขันฟุตบอลชิงแชมป์แห่งชาติยุโรป 1980 จัดการแข่งขันขึ้นเมื่อไร,วันที่ 11-22 มิถุนายน ค.ศ. 1980
ตลอดกาล เป็นอัลบั้มเพลงไทยชุดที่ 5 ของวงอะไร,วงคีรีบูน
โปรดิวเซอร์ของอัลบั้มตลอดกาล ของวงคีรีบูนคือใคร,คุณปราจีน ทรงเผ่า
เท็กแบ็คเดอะไนท์เป็นเพลงที่บันทึกเสียงโดยนักร้องชาวอเมริกันชื่อว่าอะไร,จัสติน ทิมเบอร์เลก
เท็กแบ็คเดอะไนท์ เพลงของ จัสติน ทิมเบอร์เลก ให้ดาวน์โหลดได้เมื่อไร,วันที่ 12 กรกฎาคม ค.ศ. 2013
อัณณา หชาเร ได้รับเหรียญอิสริยาภรณ์จากรัฐบาลประเทศอะไร,รัฐบาลอินเดีย
ทีมวอลเลย์บอลชายที่ได้เข้าแข่งในฐานะแชมป์โลกปี 2018 คือประเทศอะไร,โปแลน
นายกรัฐมนตรีหญิงคนแรกของอิสราเอลคือใคร,โกลดา เมอีร์
อางี้ หรือ วนิดา ตันติวิทยาพิทักษ์ จบชั้นมัธยมศึกษาจากโรงเรียนอะไร,โรงเรียนสตรีมหาพฤฒาราม
หลังจากหลบเข้าป่า วนิดา ตันติวิทยาพิทักษ์  กลับมาเรียนต่อกี่ปีจึงสำเร็จการศึกษา,3 ปี
ปิยะมาศ โมนยะกุลได้แสดงภาพยนตร์เรื่องแรกในปี 2515 กำกับโดยวินิจ ภักดีวิจิตร มีชื่อเรื่องว่าอะไร,ขัง 8
ลำไย ไหทองคำ นักร้องลูกทุ่งไทยมีชื่อจริงว่าอะไร,สุพรรณษา เวชกามา
ลำไย ไหทองคำ นักร้องลูกทุ่งของไทยเกิดที่จังหวัดอะไร,จังหวัดร้อยเอ็ด
บ้านเกิดของเซอร์ปีเตอร์ โรเบิร์ต แจ็กสัน อยู่ที่เมืองใดในประเทศนิวซีแลนด์,เมือง North Island
ภาพยนตร์เรื่อง The Lovely Bones ในปี 2009 กำกับโดยใคร,เซอร์ปีเตอร์ โรเบิร์ต แจ็กสัน
ทีมวอลเลย์บอลอาชีพของอินโดนีเซียที่ก่อตั้งในปี ค.ศ. 2002 ชื่อทีมว่าอะไร,ปาเลมบัง บัง ซุมเซล บาเบล
สนามเหย้าของทีมปาเลมบัง บัง ซุมเซล บาเบล มีชื่อสนามว่าอะไร,ปาเลมบังสปอร์ตฮอลล์
ประเทศอะไรเป็นเจ้าภาพจัดการแข่งขันฟุตบอลชิงแชมป์แห่งชาติยุโรป ครั้งที่ 7,ประเทศฝรั่งเศส
ช่วงเวลาใดที่เริ่มจัดการแข่งขันฟุตบอลชิงแชมป์แห่งชาติยุโรป 1984,วันที่ 12-27 มิถุนายน ค.ศ. 1984
นิศาชล ต้วมสูงเนิน เกิดในจังหวัดอะไร,จังหวัด อุดรธานี
นิศาชล ต้วมสูงเนิน เป็นนักแสดงสังกัดช่องอะไร,สถานีโทรทัศน์ไทยทีวีสีช่อง 3
มะม่วงเป็นพืชไม้ยืนต้นอยู่ในสกุลอะไร,สกุล Mangifera
ที่ตั้งของอุทยานแห่งชาติสิรินาถ อยู่ในจังหวัดอะไร,จังหวัดภูเก็ต
ไอเอ็นจีเป็นบริษัทในเนเธอร์แลนด์ที่ให้บริการเกี่ยวกับการเงิน มีสำนักงานใหญ่อยู่ที่เมืองใด,อัมสเตอร์ดัม
ในปี 2008 นิตยสารฟอร์บได้จัดอันดับให้บริษัทไอเอ็นจีมีขนาดใหญ่ติดอันดับที่เท่าไรของโลก,อันดับ 9 ของโลก
ท้าวสุนิมมิตเป็นจอมเทพของสวรรค์ที่มีชื่อว่าอะไร,นิมมานรดี
สวรรค์ที่อยู่ระหว่างชั้นดุสิตและชั้นปรนิมมิตวสวัตดี คือสวรรค์ชั้นอะไร,สวรรค์ชั้นนิมมานรดี
โยโกะ โอะโนะ ทำอาชีพอะไร,นักร้อง
งแพ จิน-ย็อง เกิดเมื่อไร,19 กุมภาพันธ์ ค.ศ. 1993
เพลง สเตย์วิธมี ประกอบละครเรื่อง ก็อบลิน คำสาปรักผู้พิทักษ์วิญญาณ  ใครเป็นผู้ขับร้อง,แพ จิน-ย็อง
สะพานที่สร้างข้ามช่องแคบบอสฟอรัสตะวันออกมีชื่อสะพานว่าอะไร,สะพานรุสสกี
สะพานรุสสกี เปิดใช้อย่างเป็นทางการโดยนายกรัฐมนตรีรัศเซียคนใด,นายกรัฐมนตรีรัสเซียดมีตรี เมดเวเดฟ
นักกีฬาหมากล้อมระดับอาชีพชาวจีนที่อาศัยอยู่ในประเทศญี่ปุ่นคือใคร,หลิน ไห่เฟิง
หลิน ไห่เฟิง มีชื่อเรียกอีกชื่อว่าอะไร,ริน ไคโฮ
นักมวยสากลชาวอาร์เจนตินาคนใดที่เสียชีวิตเมื่อ 22 พฤศจิกายน พ.ศ. 2520,ปัสกวัล นีโกลัส เปเรซ
การชกป้องกันแชมป์ครั้งที่ 11 ของปัสกวัล นีโกลัส เปเรซ แพ้ให้กับใคร,โผน กิ่งเพชร
เมืองกัวยากิลตั้งอยู่ฝั่งใดของแม่น้ำกัวยัส,ฝั่งตะวันตกของแม่น้ำกัวยัส
โลกรอญโญตั้งอยู่ริมฝั่งแม่น้ำเอโบรทางภาคเหนือของประเทศอะไร,ประเทศสเปน
ศูนย์กลางการผลิตไวน์ริโอฆาอยู่ที่จังหวัดอะไรในประเทศสเปน,จังหวัดโลกรอญโญ
บ้านเกิดของ อุเอะโนะ ฮิโกะมะ ช่างถ่ายภาพชาวญี่ปุ่น อยู่ที่ไหน,นะงะซะกิ
ใครคือบุคคลสำคัญในการถ่ายภาพของญี่ปุ่นในศตวรรษที่ 19,อุเอะโนะ
นายกรัฐมนตรีคนที่ 24 ของประเทศไทยคือใคร,พลเอกสุรยุทธ์ จุลานนท์
ภรรยาของนายกรัฐมนตรีคนที่ 24 ของประเทศไทยมีชื่อว่าอะไร,พันเอกหญิง ท่านผู้หญิง จิตรวดี จุลานนท์
ใครเป็นคนนำการปฏิบัติวิปัสสนากรรมฐานแบบยุบหนอ-พองหนอ มาเผยแพร่ในประเทศไทย,สมเด็จพระพุฒาจารย์
ลูกชายคนโตของนายพิมพ์ และนางแจ้ ดวงมาลา คือใคร,คำตา ดวงมาลา
พืชวงศ์แตงมีประมาณกี่ชนิด,960 ชนิด
ธนาคารที่ใหญ่ที่สุดของประเทศญี่ปุ่นคือธนาคารอะไร,ธนาคารโตเกียว-มิตซูบิชิ ยูเอฟเจ
นาคารโตเกียว-มิตซูบิชิ ยูเอฟเจ ถือหุ้นธนาคารกรุงศรีอยุธยาอยู่กี่เปอร์เซ็นต์,ถือหุ้น 76.88%
โทมัส เจคอบ ฮิลฟิเกอร์ เกิดที่เมืองอะไรในรัฐนิวยอร์ก,เมืองเอลมีรา (Elmira)
ส้มแปะ อยู่ในวงศ์พืชชื่อว่าอะไร,Ericaceae
ส้มแปะ มีชื่อเรียกในภาษากะเหรี่ยงเรียกว่าอะไร,เส่อแบละ
ลูกชายพ.ต.ท.ชัยยง ขำเปี่ยม และนางวันนา ขำเปี่ยม มีชื่อว่าอะไร,สหวิช ขำเปี่ยม
การคมนาคมของแคว้นมาร์เค ของประเทศอิตาลีในช่วงคริสต์ศตวรรษที่ 19 เดินทางด้วยวิธีใด,ทางรถไฟ
ยอดดอยที่มีความสูงที่สุดในประเทศไทยคือดอยอะไร,ดอยอินทนนท์
พระอัฐิของพระเจ้าอินทวิชยานนท์ส่วนหนึ่งอยู่ที่ดอยอะไรในจังหวัดเชียงใหม่,ดอยหลวง
ภาษาโตเบโล ที่ทั้งหมดกี่สำเนียง,มี 6 สำเนียง
เฮเลโวรูรู  เป็นหนึ่งในสำเนียงของภาษาอะไร,ภาษาโตเบโล
นักร้องนำวงเดอะสมิธส์ ของประเทศอังกฤษคือใคร,Morrissey
วงเดอะสมิธส์ วงดนตรีออลเทอร์นาทิฟร็อกจากแมนเซสเตอร์ ประเทศอังกฤษ ถูกยุบวงเมื่อปีใด,ปี 1987
ยุทธการที่ไลพ์ซิช เกิดขึ้นเมื่อไร,วันที่ 16 ถึง 19 ตุลาคม ค.ศ. 1813
หลังงจากพ่ายแพ้สงคารม ทำให้นโปเลียนถูกเนรเทศไปอยู่ที่เกาะอะไร,เกาะเอลบา
คำกล่าวทักทายของคนไทยที่ใช้เมื่อแรกพบกัน หรือเพื่อบอกลา คือคำว่าอะไร,สวัสดี
ผู้ที่ริเริ่มใช้คำว่า สวัสดี เป็นคำกล่าวทักทาย คือใคร,พระยาอุปกิตศิลปสาร (นิ่ม กาญจนาชีวะ)
อำเภอหัวไทร จังหวัดนครศรีธรรมราช ด้านทิศเหนือติดต่อกับอำเภออะไร,อำเภอปากพนัง
เครื่องราชอิสริยาภรณ์ชั้นสูงสุดที่ยงยุทธ มัยลาภได้รับมีชื่อว่าอะไร,ชั้นตริตาภรณ์มงกุฎไทย (ต.ม.)
ปืนไรเฟิลซุ่มยิงแบบ bullpup ผลิตออกมาในช่วงต้นยุค 1990 มีชื่อว่าอะไร,AWC G2
นักฟุตบอลของชิลีที่เล่นเกมมากที่สุด 84 เกมในระหว่างปี 1955 ถึง1968 คือใคร,เลโอเนล กีเยร์โม ซานเชซ ลีเนโรส
ลักษณ์นารา เปี้ยทา มีพี่น้องกี่คน,หนึ่งคน
ลักษณ์นารา เปี้ยทา เรียนคณะอะไร,คณะอักษรศาสตร์
เขตบริหารพิเศษฮ่องกง เข้าร่วมแข่งขันกีฬาโอลิมปิกฤดูร้อนครั้งที่เท่าไร,ครั้งที่ 29
เขตบริหารพิเศษฮ่องกง เข้าร่วมแข่งขันกีฬาโอลิมปิกฤดูร้อนครั้งที่ 29 ที่ประเทศอะไร,สาธารณรัฐประชาชนจีน
คิม ยอน-คยอง นักกีฬาวอลเลย์บอลหญิงทีมชาติเกาหลีใต้ เรียนชั้นมัธยมปลายที่โรงเรียนอะไร,โรงเรียนมัธยมปลายสตรีวิทยาการคอมพิวเตอร์ซูว็อน
โรงเรียนมัธยมปลายสตรีวิทยาการคอมพิวเตอร์ซูว็อน ตั้งอยู่ในจังหวัดใดของประเทศเกาหลีใต้,จังหวัดคย็องกี
พระราชชนนีในจักรพรรดิไทโช คือใคร,ซาราวาบิ โนะ สึโบเนะ
นารูโกะ ยานางิวาระเกิดที่ไหน,เกียวโต
ลาภิสรา อินทรสูต เกิดเมื่อไร,วันที่ 1 กันยายน พ.ศ. 2537
อุปกรณ์แปลงร่างที่เรียกว่า อุลตร้าแบดจ์ ของ ฮิงาชิ โคทาโร่ ทำให้แปลงร่างเป็นอะไร,อุลตร้าแมนทาโร่
อุลตร้าแมนทาโร่ในซีรีส์ได้รับเลือกให้เป็นผู้พิทักษ์โลกต่อจากใคร,อุลตร้าแมนเอช
บทละครเรื่องดารัมซาล่า ด้วยรักและศรัทธา ใครเป็นผู้กำกับการแสดง,โชคชัย เจริญสุข
นักแสดงนำละครเรื่องดารัมซาล่า ด้วยรักและศรัทธา ฝ่ายชายคือใคร,ไตรรงค์ ชัยนรานนท์
เครื่องราชอิศริยาภรณ์สหไมตรี เป็นชื่อของตระกูลเครื่องราชอิสริยาภรณ์ซึ่งมอบโดยรัฐบาลของประเทศอะไร,พระราชอาณาจักรกัมพูชา
เครื่องราชอิศริยาภรณ์สหไมตรี มีลำดับเกียรติทั้งหมดกี่ชั้น,5 ชั้น
เมืองที่มีความแห้งแล้งที่สุดในจังหวัดฮกไกโด ประเทศญี่ปุ่น คือเมืองอะไร,อาบาชิริ
เรือนจำอาบาชิริ ของประเทศญี่ปุ่นใช้กักขังนักโทษการเมืองในยุคใด,ยุคเมจิ
ผู้ถวายพระนมและการอภิบาลพระบาทสมเด็จพระจุลจอมเกล้าเจ้าอยู่หัว คือใคร,พระนมปริก
พระนมปริกได้แต่งงานกับใคร,นายเสถียรรักษา (เที่ยง)
ไมตรี ลิมปิชาติ เริ่มเขียนหนังสือตั้งแต่ปีพ.ศ. อะไร,ปีพ.ศ. ๒๕๑๓
ผลงานรวมเล่มเรื่องสั้นเล่มแรก ของนักเขียนไมตรี ลิมปิชาติ มีชื่อว่าอะไร,ทางออกที่ถูกปิด
สะเออะ เป็นอาหารของภาคใดในประเทศไทย,อีสาน
เรวิญานันท์ ทาเกิด หรือ เบญ เป็นจังหวัดอะไร,จังหวัดลำพูน
เรวิญานันท์ ทาเกิด จบการศึกษาจากคณะอะไร,คณะบริหารธุรกิจ
ซานลุยส์โปโตซีเป็นรัฐในประเทศอะไร,ประเทศเม็กซิโก
ทางทิศเหนือของรัฐซานลุยส์โปโตซี ประเทศแม็กซิโก มีอาณาเขตติดต่อกับรัฐใด,รัฐโกอาวีลา
สภาแห่งชาติเพื่อการฟื้นฟูติมอร์ ก่อตั้งโดยใคร,อดีตประธานาธิบดีชานานา กุฌเมา
ในเดือนมีนาคม พ.ศ. 2550 ได้มีการก่อตั้งพรรคการเมืองในประเทศติมอร์-เลสเต มีชื่อพรรคว่าอะไร,สภาแห่งชาติเพื่อการฟื้นฟูติมอร์
นายคำแหง พันธุ์มี นักมวยชาวจังหวัดอะไร,จังหวัดอุดรธานี
สถิติการชกของนายคำแหง พันธุ์มี ชนะน๊อคกี่ครั้ง,น็อค 2
เมืองท่าชายฝั่งที่มีชื่อเสียงทางภาคตะวันตกเฉียงใต้ของรัฐบริติชโคลัมเบีย ประเทศแคนาดา มีชื่อว่าอะไร,แวนคูเวอร์
ศูนย์กลางการถ่ายทำภาพยนตร์เป็นอันดับสามของอเมริกาเหนือคือเมืองอะไร,แวนคูเวอร์
ฟุตบอลประเพณีจุฬาฯ-ธรรมศาสตร์ ครั้งที่ 72 ใครเป็นเจ้าภาพ,จุฬาลงกรณ์มหาวิทยาลัย
สนามที่ใช้แข่งฟุตบอลประเพณีจุฬาฯ-ธรรมศาสตร์ ครั้งที่ 72 คือสนามอะไร,สนามศุภชลาศัย
คุณหญิงนอกทำเนียบ เป็นบทประพันธ์ของใคร,ทมยันตี
สหมงคลฟิล์ม สร้างภาพยนตร์เรื่อง คุณหญิงนอกทำเนียบ ขึ้นในปีใด,ปี พ.ศ. 2517
มหาดเล็กคนสำคัญในประวัติศาสตร์เกาหลีสมัยราชวงศ์โชซอนคือใคร,คิม ชอ-ซ็อน
ขันทีสมัยราชวงศ์โชซอนในเกาหลีคนใดที่มีโอกาสถวายงานพระราชาถึงห้าพระองค์,คิม ชอ-ซ็อน
สินค้ากีฬาจากเยอรมนี ที่มีคำขวัญว่า Impossible is Nothing เป็นสินค้ายี่ห้ออะไร,อาดิดาส
Rudolf สร้างแบรนด์รองเท้าของตัวเองที่มีชื่อว่าอะไร,Puma
ชาวอาหรับมักเรียกแอฟริกาว่าอะไร,อิฟริกียะห์
แอฟริกาเป็นจังหวัดหนึ่งของจักรวรรดิโรมัน มีอีกชื่อเรียกว่าอะไร,อาฟรีกา
จังหวัดฮีลากังซามาร์ ตั้งอยู่ในประเทศอะไร,ประเทศฟิลิปปินส์
ทางตอนเหนือของจังหวัดฮีลากังซามาร์มีพื้นที่ติดต่อกับเกาะอะไร,เกาะซามาร์
พระมารดาของสมเด็จพระราชินีนาถอีซาเบลที่ 2 แห่งสเปนมีพระนามว่าอะไร,สมเด็จพระราชินีมาเรีย คริสตีน่า
หลิว อาจารียา เกิดเมื่อไร,วันอาทิตย์ที่ 23 กุมภาพันธ์ พ.ศ. 2529
แม่ของ หลิว อาจารียา มีชื่อว่าอะไร,นางอัจฉรา พรหมพฤกษ์
ปนัดดา โกมารทัต เล่นบทนางเอกครั้งแรกในเรื่องอะไร,เรื่องหยาดพิรุณ
พระเอกที่เล่นคู่กับปนัดดา โกมารทัต ในเรื่องหยาดพิรุณ คือใคร,คุณ สรพงษ์ ชาตรี
วัดราษฎร์บูรณะ จังหวัดสมุทรปราการ สร้างขึ้นในปีใด,พ.ศ. 2425
พระราชวังวินด์เซอร์ ตั้งอยู่ในมณฑลที่ชื่อว่าอะไร,ราชมณฑลบาร์กเชอร์
สมเด็จพระราชินีพระราชทานพระราชเอกสารสิทธิ ในการใช้ชื่อบาร์กเชอร์อย่างเป็นทางการในปี ค.ศ. ใด,ปี ค.ศ. 1974
"ผู้ประพันธ์ทำนองเพลง ""โสมส่องใจ"" มีชื่อว่าอะไร",ปิ่นศิริ ศิริปิ่น
โรงเรียนดนตรีและลีลา ศิริปิ่น ก่อตั้งขึ้นเมื่อไร,เมื่อปีพ.ศ. 2530
วัดท่าควาย ในจังหวัดอุตรดิตถ์ ปัจจุบันใช้ชื่อว่าอะไร,วัดใหม่เจริญธรรม
วัดใหม่เจริญธรรม ในจังหวัดอุตรดิตถ์ ได้รับพระราชวิสุงคามสีมา เมื่อวันใด,วันที่ 25 ธันวาคม พ.ศ. 2539
สนธิสัญญาแบร์นมีการลงนามในสัญญาเมื่อไร,วันที่ 9 ตุลาคม ค.ศ. 1874
สนธิสัญญาแบร์นมีการลงนามในกรุงแบร์น ซึ่งตั้งอยู่ที่ประเทศอะไร,ประเทศสวิตเซอร์แลนด์
รัฐบาลที่มาจากการรัฐประหารในประเทศชิลี เมื่อปี พ.ศ. 2516 ทำการยึดอำนาจโดยใคร,จอมพล Augusto Pinochet
ผู้นำคอมมิวนิสต์คนแรกของโลกที่ขึ้นสู่อำนาจด้วยการเลือกตั้งคือใคร,ปธน.ซัลวาดอร์ อัลเลนเย้
จุดที่สูงที่สุดของอำเภอหล่มเก่า จังหวัดเพชรบูรณ์คือที่ใด,ภูทับเบิก
ยอดสิงห์แดง จ.ชัยจินดา มีชื่อจริงว่าอะไร,ลิขิต จันทร์ณี
ยอดสิงห์แดง ได้แชมป์ PABA รุ่นแบนตั่มเวท เมื่อวันที่ 22 เมษายน พ.ศ. 2559 การแข่งขันจัดขึ้นที่จังหวัดใดของประเทศไทย,จังหวัดอุบลราชธานี
อำเภอสบเมย จังหวัดแม่ฮ่องสอน ทางด้านทิศเหนือติดกับอำเภออะไร,อำเภอแม่สะเรียง
การปกครองส่วนท้องถิ่นอำเภอสบเมย จังหวัดแม่ฮ่องสอน ประกอบด้วยองค์กรปกครองส่วนท้องถิ่นกี่แห่ง,6 แห่ง
เมืองทองนิเวศน์ เป็นหมู่บ้านจัดสรรในเครือบริษัทอะไร,บริษัทบางกอกแลนด์
เมืองทองธานี จังหวัดนนทบุรี มีชื่อเดิมว่าอะไร,เมืองทอง 3
ผลงานเพลงปี 1997  ที่ขายดีที่สุดของซาราห์ แอนน์ แมคลาชแลน มีชื่อชุดว่าอะไร,ชุด Surfacing
ซาราห์ แอนน์ แมคลาชแลน เป็นนักร้องชาวอะไร,ชาวแคนาดา
พ่อของยัน โยเซฟส์โซน ฟัน โคเยิน จิตรกรชาวดัตช์ ทำอาชีพอะไร,ช่างทำรองเท้า
ซันตากูโลมาดากรามาแน็ต เป็นเมืองในแคว้นใดของประเทศสเปน,แคว้นคาเทโลเนีย
ฮา 7 ดาวเป็นรายการตลกที่ออกอากาศในช่วง ปี พ.ศ. 2539 ถึง พ.ศ. 2541 ผลิตรายการโดยบริษัทอะไร,บริษัท เจเอสแอล จำกัด
เพลงประจำชาติของประเทศอิสราเอลมีชื่อว่าอะไร,ฮาทิควา
จาค็อบ แฮร์รี แมไกวร์ เป็นนักฟุตบอลชาวอังกฤษ เล่นตำแหน่งใดในทีมฟุตบอล,ตำแหน่งกองหลัง
จังหวัดปาดกาแลตั้งอยู่ในแคว้นใดของประเทศฝรั่งเศส,แคว้นโอดฟร็องส์
ปราสาทตาเมือนธม ตั้งอยู่ในจังหวัดสุรินทร์บนเทือกเขาอะไร,เทือกเขาพนมดงรัก
ปราสาทตาเมือนธม ตั้งอยู่ในอำเภอพนมดงรักจังหวัดอะไร,จังหวัดสุรินทร์
ปาเวล เนดเวตได้รับการแต่งตั้งเป็นกัปตันทีมในการแข่งขันฟุตบอลชิงแชมป์แห่งชาติยุโรปในปีใด,2004
บ้านเกิดของซานเตียโก กาลาตราบา บัลส์ อยู่ที่เมืองใดของประเทศสเปน,เมืองเบนีมาเมต
ใครเป็นผู้ประพันธ์เรื่อง พี่น้อง 2 เลือด ซึ่งได้นำมาสร้างเป็นละครโทรทัศน์ทางช่อง 9 โมเดิร์นไนน์,ปาณรวัฐ กิตติกรเจริญ
เพลงชื่อ คำเดียวกัน ซึ่งเป็นเพลงประกอบละครเรื่องพี่น้อง 2 เลือดเมื่อปีพ.ศ.2548 ขับร้องโดยใคร,แดน-บีม
บิดาของนิกิต้า เซเกรเยวิช ครุชชอฟ ซึ่งเป็นเลขาธิการพรรคคอมมิวนิสต์แห่งสหภาพโซเวียตมีชื่อว่าอะไร,เซอร์เกย์ ครุชชอฟ นิโกโนโรวิช
อรศศิพัชร์ มามีเกตุรัตน์ หรือชื่อเล่น ลูกศร ศึกษาระดับปริญญาตรีที่มหาวิทยาลัยอะไร,มหาวิทยาลัยหอการค้าไทย
อรศศิพัชร์ มามีเกตุรัตน์ แสดงบทอะไรในละครเรื่อง หมอผีไซเบอร์,นางตานี
ปลานกกระจอกเป็นวงศ์ของปลากระดูกแข็งวงศ์หนึ่ง มีชื่อทางวิทยาศาสตร์ว่าอะไร,Exocoetidae
ไข่ปลานกกระจอกมีลักษณะเป็นสีส้มเม็ดเล็ก ชาวญี่ปุ่นนิยมนำมาทำเป็นอาหารอะไร,ซูชิหน้าไข่ปลา
ผู้ที่ตั้งวงศ์ปลาตะเพียน หรือ Cyprinidae เมื่อปี ค.ศ. 1823 คือใคร,โยฮัน กุนราด ฟัน ฮัสเซิลต์
เขื่อนปากมูลในจังหวัดอุบลราชธานี ใช้งบประมาณในการก่อสร้างเท่าไร,240 ล้านดอลลาร์สหรัฐ
โมโนไซต์เป็นเม็ดเลือดชนิดใด,เม็ดเลือดขาว
โมโนไซต์ทำหน้าที่กำจัดสิ่งแปลกปลอมในร่างกายด้วยวิธีที่เรียกว่าอะไร,วิธีฟาโกไซโตซิส
เฮนรี ริช เอิร์ลแห่งฮอลแลนด์ที่ 1 ถูกประหารชีวิตในข้อหาอะไร,ข้อหากบฏต่อแผ่นดิน
ละครเวทีของถกลเกียรติ วีรวรรณ ที่จุฑาภัทร เหล่าธรรมทัศน์ได้เล่นมีชื่อเรื่องว่าอะไร,บัลลังก์เมฆ
ละครโทรทัศน์เรื่อง Kiss Me รักล้นใจนายแกล้งจุ๊บ ที่ออกอากาศตอนแรกวันที่ 26 มกราคม พ.ศ. 2558 นักแสดงนำชายมีชื่อว่าอะไร,พิรัชต์ นิธิไพศาลกุล
ผู้กำกับการแสดงเรื่อง Kiss Me รักล้นใจนายแกล้งจุ๊บ ที่ออกอากาศตอนแรกวันที่ 26 มกราคม พ.ศ. 2558 คือใคร,สรัสวดี วงศ์สมเพ็ชร
ปลาวัวดำเป็นปลาทะเลชนิดหนึ่งที่มีชื่อทางวิทยาศาสตร์ว่าอะไร,Odonus niger
ปลาวัวดำ มีชื่อวิทยาศาสตร์ว่า Odonus niger จัดเป็นเพียงปลาชนิดเดียวที่อยู่ในสกุลใด,สกุล Odonus
พระมารดาของพระเจ้าบรมวงศ์เธอพระองค์เจ้าอภัยทัต กรมหลวงเทพพลภักดิ์ มีพระนามว่าอะไร,เจ้าจอมมารดาน้อยแก้ว
พระบิดาของเจ้าจอมมารดาน้อยแก้ว ในรัชกาลที่ 1 มีพระนามว่าอะไร,พระยาจักรีเมืองนครศรีธรรมราช
จอห์น เอ. เอกิ้น ผู้ก่อตั้งโรงเรียน BCC หรือโรงเรียนกรุงเทพคริสเตียนวิทยาลัย เกิดที่รัฐใดในประเทศสหรัฐอเมริกา,รัฐเพนซิลวาเนีย
นักแสดงนำหญิงที่ได้รับรางวัลออสการ์จากภาพยนตร์เรื่อง Shakespeare in Love คือใคร,กวินเน็ธ เคต พัลโทรว์
ภาพยนตร์ไทยเรื่องเสือเฒ่า ที่ออกฉายในปี พ.ศ. 2503 ใครเป็นผู้กำกับการแสดง,ครูเนรมิต
ภาพยนตร์ไทยเรื่องเสือเฒ่าที่ออกฉายในปี พ.ศ. 2503 นักแสดงที่สวมบทบาทเป็นเสือเฒ่าคือใคร,พันคำ
หอคอยบรรหาร-แจ่มใส ตั้งอยู่ในจังหวัดอะไรของประเทศไทย,สุพรรณบุรี
พระมารดาของพระเจ้าวรวงศ์เธอ พระองค์เจ้าศิริรัตนบุษบง มีพระนามว่าอะไร,หม่อมเจ้าประสงค์สม บริพัตร
พระเจ้าวรวงศ์เธอพระองค์เจ้าศิริรัตนบุษบง สมรสกับใคร,หม่อมเจ้าอาชวดิศ ดิศกุล
ละครโทรทัศน์ไทยเรื่องมายาสีมุก ใครเป็นบทประพันธ์,ทวิตา
ตัวละครที่ชื่อ คีรินทร์ ในละครเรื่องมายาสีมุก ที่ออกอากาศทางสถานีโทรทัศน์สีกองทัพบกช่อง 7 นำแสดงโดยใคร,วีรภาพ สุภาพไพบูลย์
ม้านิลมังกร เป็นสัตว์ประหลาดในวรรณคดีไทย ที่แต่งโดยสุนทรภู่ มีชื่อเรื่องอะไร,พระอภัยมณี
ผู้แต่งวรรณคดีไทยเรื่องพระอภัยมณี มีชื่อว่าอะไร,สุนทรภู่
พระราชบิดาของหม่อมยิ่ง หรือ พระเจ้าพี่นางเธอ พระองค์เจ้ายิ่งเยาวลักษณ์ อรรคราชสุดา มีพระนามว่าอะไร,พระบาทสมเด็จพระจอมเกล้าเจ้าอยู่หัว
พระมารดาของพระองค์เจ้ายิ่งเยาวลักษณ์ อรรคราชสุดา มีพระนามว่าอะไร,เจ้าจอมมารดาแพ
สะพานชมัยมรุเชฐอยู่บนถนนพิษณุโลก เป็นสะพานข้ามคลองอะไร,คลองเปรมประชากร
สะพานชมัยมรุเชฐ อยู่บนถนนพิษณุโลก ก่อสร้างในรัชกาลใด,รัชกาลที่ 5
พ่อของอาจารย์สมพร ยกตรี คือใคร,นายคำแสน ยกตรี
สนามแข่งรถแห่งแรกที่นายแฮร์มันน์ ทิลเคอ ออกแบบมีชื่อว่าอะไร,สนามเอวันริง
พรพิมล ธรรมสาร เกิดที่จังหวัดใด,ลำปาง
พระมหากษัตริย์ไทยรัชกาลที่ 30 แห่งอาณาจักรอยุธยา มีพระนามว่าอะไร,สมเด็จพระสรรเพชญ์ที่ 9
จำเริญสุข อ่าวอุดมผล เป็นนักกรีฑาของชาติอะไร,ลาว
เจมส์ แอนโทนี่ ไซมอน เป็นโปรดิวเซอร์เพลงฮิบฮอบ ชาวอะไร,ชาวอเมริกัน
นายสาคร เกี่ยวข้อง เป็นสมาชิกสภาผู้แทนราษฎรจังหวัดกระบี่ สังกัดพรรคการเมืองใด,พรรคประชาธิปัตย์
นามสกุลเดิมของนางเพชรารัตน์ เกี่ยวข้อง คืออะไร,จิวากานนท์
สกุลเดิมของหม่อมครูนุ่ม นวรัตน ณ อยุธยา คืออะไร,อภัยกุล
พระราชบิดาของหม่อมนุ่ม นวรัตน ณ อยุธยา มีพระนามว่าอะไร,หม่อมหลวงชื่น อภัยกุล
ประเทศเลโซโท เป็นประเทศขนาดเล็กอยู่ในทวีปอะไร,ทวีปแอฟริกา
เมืองหลวงของประเทศเลโซโทที่ตั้งอยู่ในทวีปแอฟริกามีชื่อว่าอะไร,มาเซรู
วัดร่ำเปิง ตั้งอยู่เลขที่ 1 หมู่ 5 ถนนคันคลองชลประทาน ตำบลสุเทพ อำเภอเมือง จังหวัดอะไร,จังหวัดเชียงใหม่
จิตรกรชาวดัตช์ผู้เขียนภาพสีน้ำมันที่มีชื่อภาพว่า ไอริส ซึ่งจัดแสดงอยู่ที่พิพิธภัณฑ์เจ. พอล เกตตี มีนามว่าอะไร,ฟินเซนต์ ฟัน โคค
ภาพเขียนสีน้ำมัน ไอริส ของจิตรกรชาวดัตซ์ที่ชื่อฟินเซนต์ ฟัน โคค จัดแสดงอยู่ที่ใด,พิพิธภัณฑ์เจ. พอล เกตตี
เขาเอ๋อเหมย์ หรือ ภูเขาง้อไบ๊ ในประเทศจีนมีความสูงเท่าไร,"3,099 เมตร"
วัดที่ตั้งอยู่บนยอดเขาเอ๋อเหมย์ หรือ ภูเขาง้อไบ๊ ประเทศจีนมีชื่อว่าอะไร,วัดหัวจ้วง
โซชีเอตาสปอร์ตีวาลัตซีโย หรือ สโมสรลัตซีโย ก่อตั้งขึ้นในปี ค.ศ. 1900 เป็นสโมสรของประเทศอะไร,ประเทศอิตาลี
เจมส์ ไมเคิล เบย์ นักร้องชาวอังกฤษปล่อยอัลบั้ม EP ทั้งหมดกี่อัลบั้ม,4 อัลบั้ม
ผู้ที่สร้างแรงบันดาลใจในการเล่นกีตาร์คลาสสิคของเจมส์ เบย์ หลังจากได้ฟังเพลง layla คือใคร,อีริค แคลปตัน
พ่อของ เฮเลน โกลก ทำอาชีพอะไร,ช่างตีเหล็ก
ดรูว์ แบร์รีมอร์เป็นนักแสดงหญิงชาวอเมริกัน มีผลงานการแสดงภาพยนตร์เรื่องแรกในปี 1980 ชื่อว่าอะไร,Altered States
ดร.วัลลภ ปิยะมโนธรรม เป็นอาจารย์สอนอยู่ที่มหาวิทยาลัยอะไร,มหาวิทยาลัยศรีนครินทรวิโรฒ
ในสมัยมัธยมศึกษา ดร.วัลลภ ปิยะมโนธรรม ศึกษาที่โรงเรียนอะไร,โรงเรียนสวนกุหลาบวิทยาลัย
อี อารึม เป็นนักร้อง นักแร็ป นักแสดงชาวเกาหลีใต้ เกิดที่เมืองใดของประเทศเกาหลีใต้,กรุง โซล
นักร้องเพลงประกอบภาพยนตร์ไทยเรื่องกอดที่ฉายในปี พ.ศ. 2551 คือใคร,อัญชลี จงคดีกิจ
บุตรชายของสู่ขวัญ บูลกุล มีชื่อว่าอะไร,ด.ช. ปราบ บูลกุล
นายโชค บูลกุล คู่สมรสของสู่ขวัญ บูลกุล เป็นบุตรของใคร,นายโชคชัย บูลกุล
จังหวัดแรกในประเทศไทยที่มีผู้ว่าราชการจังหวัดเป็นผู้หญิงคือจังหวัดอะไร,จังหวัดนครนายก
สตรีคนแรกที่ได้รับการแต่งตั้งเป็นผู้ว่าราชการของประเทศไทยคือใคร,คุณหญิงจรัสศรี ทีปิรัช
ภาพยนตร์เรื่องแรกที่ อัศวิน รัตนประชา เล่นมีชื่อเรื่องว่าอะไร,เรื่อง 7 ดอกจิก
บ้านพิษณุโลก เป็นบ้านพักประจำตำแหน่งนายกรัฐมนตรีไทย เดิมมีชื่อว่าอะไร,บ้านบรรทมสินธุ์
บ้านบรรทมสินธุ์ หรือ บ้านพิษณุโลก ถูกออกแบบโดยสถาปนิกประจำราชสำนักสยามชาวอิตาลีมีชื่อว่าอะไร,มาริโอ ตามานโญ
ภรรยาของนายธนิตพล ไชยนันทน์ คือใคร,นาง วรกันยา ณ ระนอง ไชยนันทน์
นายธนิตพล ไชยนันทน์ สำเร็จการศึกษาระดับปริญญาโทจากมหาวิทยาลัยอะไร,มหาวิทยาลัยรามคำแหง
พระโอรสพระองค์เดียวในเจ้าชายฟุมิฮิโตะ มีพระนามว่าอะไร,เจ้าชายอากิชิโนะ
ขุนอำไพพาณิชย์เป็นคหบดีชาวศรีสะเกษ มีชื่อเดิมว่าอะไร,ทองอินทร์ นาคสีหราช
อาคารขุนอำไพพาณิชย์ ตั้งอยู่ตำบลเมืองใต้ อำเภอเมืองศรีสะเกษในจังหวัดอะไร,จังหวัดศรีสะเกษ
คู่สมรสของนิพัทธ์ ทองเล็ก คือใคร,ทันตแพทย์หญิง รัตนาวดี ทองเล็ก
ในปี 2008 แอนนา เคย์ ฟาริสได้แสดงภาพยนตร์เรื่องอะไร,เรื่อง The House Bunny
ซีเคร็ตออฟมายฮาร์ต เป็นซิงเกิลลำดับที่ 3 ของใคร,ไม คุรากิ
ผลงานชิ้นแรก ในปี ค.ศ. 1480 ของโดเมนีโก กีร์ลันดาโย เป็นภาพอะไร,นักบุญเจอโรมในห้องทำงาน
ร่างของโดเมนีโก กีร์ลันดาโยเป็นจิตรกรสมัยฟื้นฟูศิลปวิทยาคนสำคัญของประเทศอิตาลีในคริสต์ศตวรรษที่ 15 ถูกฝังไว้ที่วัดใด,วัดซานตามาเรียโนเวลลา
ภรรยาของนายไชยา พรหมา คือใคร,นางอัญชลี พรหมา
สุรพงษ์ บุนนาค นักเขียนนวนิยาย บทความ สารคดี เสียชีวิตด้วยโรคอะไร,โรคมะเร็ง
สุรพงษ์ บุนนาค เจ้าของรางวัลนราธิป ประจำปี พ.ศ. 2545 จบการศึกษาจากประเทศอะไร,ประเทศเยอรมนี
เมืองหลวงของประเทศฟีจี มีชื่อว่าอะไร,ซูวา
อรุโณทัย วรรณถาวร นักเขียนนวนิยายโรแมนติกเขย่าขวัญ ใช้นามปากกว่าอะไร,มายาโรส
บ้านเกิดของอรุโณทัย วรรณถาวร หรือใช้นามปากกาว่า มายาโรส อยู่ที่ไหน,เชียงใหม่
โซฟี มังก์ นักร้องชาวออสเตรเลีย เกิดที่ประเทศอะไร,อังกฤษ
อัลบั้มเดี่ยวครั้งแรกของโซฟี มังก์ ในเดือน พฤษภาคม 2003 มีชื่อว่าอะไร,Calendar Girl
ชินโนะซุเกะ ฮนดะ นักฟุตบอลชาวญี่ปุ่น เกิดที่เมืองอะไร,เมืองฟุกุชิมะ
หลวงพ่อเงิน พุทธโชติ อดีตเจ้าอาวาสวัดบางคลาน จังหวัดพิจิตร สิริอายุกี่ปี,111 ปี
บุคคลแรกที่ค้นพบความสัมพันธ์ระหว่างกระแสไฟฟ้าและแม่เหล็ก คือใคร,เออร์สเตด
พระนามเดิมของเจ้าหลวงเหมพินธุไพจิตร มีพระนามว่าอะไร,เจ้าคำหยาด
เทือกเขาที่ยาวที่สุดในทวีปยุโรป คือเทือกเขาอะไร,เทือกเขาสแกนดิเนเวีย
เทือกเขาที่มีความยาวเป็นอันดับ 2 ในยุโรป คือเทือกเขาอะไร,เทือกเขาคาร์เพเทียน
ผู้สร้างวัดน้อย จังหวัดน่าน คือใคร,พระเจ้าสุริยพงษ์ผริตเดช
บ้านเกิดของพระเทพโมลี หรือ สำรอง คุณวุฑฺโฒ อยู่ที่จังหวัดใด,จังหวัดขอนแก่น
พระอุปัชฌาย์ของพระเทพโมลี หรือ สำรอง คุณวุฑฺโฒ มีนามว่าอะไร,พระครูแก้ว
ทาทา มอเตอร์ส เป็นบริษัทผู้ผลิตรถยนต์ของประเทศอะไร,อินเดีย
โรงงานทาทา มอเตอร์สในประเทศไทยอยู่ที่จังหวัดอะไร,จังหวัดสมุทรปราการ
บอลทิมอร์ เป็นเมืองที่ใหญ่ที่สุดในรัฐแมริแลนด์ประเทศอะไร,สหรัฐอเมริกา
มหาวิทยาลัยที่มีชื่อเสียงของเมืองบอลทิมอร์ รัฐแมริแลนด์ ประเทศสหรัฐอเมริกา มีชื่อว่าอะไร,มหาวิทยาลัยจอนส์ฮอปกินส์
ผู้กำกับการแสดงละครเรื่อง นาคี ละครโทรทัศน์ไทยฉายในปี พ.ศ. 2559 คือใคร,พงษ์พัฒน์ วชิรบรรจง
ตั้งแต่ศตวรรษที่ 15 พระราชวังสำคัญที่ตั้งอยู่ในกรีนิชคือพระราชวังอะไร,พระราชวังพลาเซ็นเทีย
สมเด็จพระราชินีนาถเอลิซาเบธที่ 1 แห่งอังกฤษ ทรงประสูติที่เมืองอะไร,กรีนิช
บริษัทออราเคิลคอร์ปอเรชันก่อตั้งขึ้นเมื่อปี พ.ศ. ใด,ปี พ.ศ. 2520
มหาวิทยาลัยศิลปะเบรเมิน อยู่ในประเทศอะไร,ประเทศเยอรมนี
พรรคทาโย เป็นพรรคการเมืองในประเทศอะไร,ประเทศโซมาเลีย
ประธานพรรคการเมืองทาโยของโซมาเลีย มีชื่อว่าอะไร,มัรยัม กาซิม
พระราชบิดาของหม่อมเจ้ายี่เข่ง มีพระนามว่าอะไร,พระเจ้าราชวรวงศ์เธอ พระองค์เจ้าเพชรหึง
พระสวามีของพระวงศ์เธอ พระองค์เจ้ายี่เข่ง มีพระนามว่าอะไร,หม่อมเจ้าชายจักรจั่น ปาลกะวงศ์
พระครูพิศาลธรรมโกศลหรือสุพจน์ กญจนิโก พระวัดประยุรวงศาวาส มีนามปากกาว่าอะไร,แพรเยื่อไม้
พระครูพิศาลธรรมโกศลหรือสุพจน์ กญจนิโก พระวัดประยุรวงศาวาสมรณภาพด้วยโรคอะไร,โรคมะเร็งในหลอดอาหาร
พระมารดาของสมเด็จพระจักรพรรดิรูดอล์ฟที่ 2 แห่งโรมันอันศักดิ์สิทธิ์ มีพระนามว่าอะไร,มาเรียแห่งสเปน
ราชอาณาจักรทอเลมี ตั้งอยู่ในประเทศอะไรในปัจจุบัน,อียิปต์
เมื่ออเล็กซานเดอร์มหาราชได้รับชัยชนะต่ออียิปต์ เมือปี 332 ก่อนคริสต์ศักราช ได้ก่อตั้งอาณาจักรอะไร,ราชอาณาจักรทอเลมี
พระราชบิดาของท้าวคำถี่ มีพระนามว่าอะไร,สุขางฟ้า
ท้าวคำถี่ขึ้นเป็นกษัตริย์เมื่อปี พ.ศ. 1923 มีพระโอรสพระนามว่าอะไร,สุดางฟ้า
พระปฐมกษัตริย์ของราชวงศ์บ้านพลูหลวง มีพระนามว่าอะไร,สมเด็จพระเพทราชา
ศิริชัย โพธิ์สุวรรณ เป็นนักมวยสากลจากจังหวัดอะไร,จังหวัดมหาสารคาม
มาดารของศิริชัย โพธิ์สุวรรณ เสียชีวิตตั้งแต่เขาอายุกี่ปี,อายุ 6 ปี
ภาพเขียน การแต่งงานของเวอร์จินแมรี จิตกรชาวอิตาลีที่เขียนมีชื่อว่าอะไร,ราฟาเอล
ราฟาเอลผู้เขียนภาพ การแต่งงานของเวอร์จินแมรี เป็นจิตรกรในสมัยใด,สมัยเรอเนซองส์
ชื่อเดิมของนาธาน โอร์มาน มีชื่อว่าอะไร,ธัญญวัฒน์ หยุ่นตระกูล
ในสมัยประถมนาธาน โอร์มาน เรียนอยู่ที่ไหน,โรงเรียนดรุณศึกษา
ผู้ก่อตั้งหนังสือพิมพ์เดอะไทมส์ หรือ The Times คือใคร,จอห์น วอลเทอร์
หนังสือพิมพ์ The Daily Universal Register ได้เปลี่ยนชื่อมาเป็น The Times ในฉบับตีพิมพ์ที่เท่าไร,ฉบับที่ 941
สีประจำโรงเรียนตะโหมด จังหวัดพัทลุง คือสีอะไร,สีเทา
ศิลป์ชนก คล้ายแต้ เป็นนักร้องสังกัดวงอะไร,สังกัดกามิกาเซ่
เพลง มายบลัดดีวาเลนไทน์ ของทาทา ยัง เริ่มเผยแพร่ในปี 2552 อยู่ในอัลบั้มชื่อว่าอะไร,เรดีฟอร์เลิฟ
จังหวัดใต้สุดของญี่ปุ่นคือจังหวัดอะไร,จังหวัดโอกินาวะ
นครนาฮะ เป็นเมืองเอกของจังหวัดอะไรในประเทศญี่ปุ่น,จังหวัดโอกินาวะ
สกุลเดิมของหม่อมหลวงตาด วรวรรณ มีสกุลเรียกว่าอะไร,มนตรีกุล
เอลบรัส เทเดเยฟ ได้รับรางวัลเหรียญทองจากการแข่งขันโอลิมปิกฤดูร้อน 2004 ที่ไหน,กรุงเอเธนส์
เอลบรัส เทเดเยฟเป็นนักมวยปล้ำและได้เป็นพลเมืองของประเทศยูเครนในปีใด,ค.ศ. 1993
นักฟุตบอลนามว่า ซูโซ มีชื่อเต็มว่า เฆซุส โฆอากิน เฟร์นันเดซ ซาเอนซ์ เด ลา ตอร์เร เกิดที่เมืองอะไร,เมืองกาดิซ
เฆซุส โฆอากิน เฟร์นันเดซ ซาเอนซ์ เด ลา ตอร์เร สังกัดเอซีมิลานในเซเรียอาประเทศอะไร,อิตาลี
ภาพยนตร์เรื่อง Boyhood ในปี 2014 ที่ได้รับรางวัลลูกโลกทองคำสาขาผู้กำกับภาพยนตร์ยอดเยี่ยม กำกับโดยใคร,ริชาร์ด สจ๊วต ลินเคลเตอร์
ภาพยนตร์แนวตลกที่สร้างโดยริชาร์ด สจ๊วต ลินเคลเตอร์ ในปี 1993 คือเรื่องอะไร,เรื่อง Dazed and Confused (1993)
แกรี่ เลวิน เกิดที่เมืองอะไรในประเทศอังกฤษ,กรุงลอนดอน
แกรี่ เลวิน จบปริญญาตรี ในสาขาอะไร,สาขาชีววิทยา
พระบิดาของไมดาส มีพระนามว่าอะไร,พระเจ้ากลอดิอุส
พระเจ้าไมดาส ทรงปกครองนครที่มีชื่อว่าอะไร,นครไฟร์เกีย
พี่สาวแท้ๆ ของนริศ อารีย์ มีชื่อว่าอะไร,วรนุช อารีย์
สมเด็จพระมหาวีรวงศ์ มีพระนามเดิมว่าอะไร,ยัง
สมเด็จพระมหาวีรวงศ์ หนีการไปเรียนที่จีนโดยไปอยู่กับน้าชายมีชื่อว่าอะไร,สิงห์โต
พระมารดาของหม่อมเจ้าเวียงวัฒนา ชยางกูร มีพระนามว่าอะไร,หม่อมแหวนศุลี ชยางกูร ณ อยุธยา
โอรสของหม่อมเจ้าเวียงวัฒนา ชยางกูร มีพระนามว่าอะไร,หม่อมราชวงศ์พงษ์ไชยา ชยางกูร
พระมารดาของเจ้าพระยาบดินทรเดชานุชิต มีพระนามว่าอะไร,หม่อมนิ่ม ณ นคร
เครื่องบินขับไล่ ดัซโซลท์ มิราจ เอฟ1 ของตระกูลมิราจ ได้ประจำกองทัพฝรั่งเศสในปีใด,ปี ค.ศ. 1973
สถานีเกษตรหลวงอ่างขาง เป็นโครงการอันเนื่องมาจากพระราชดำริในหลวงพระองค์ใด,พระบาทสมเด็จพระปรมินทรมหาภูมิพลอดุลยเดช
สถานีเกษตรหลวงอ่างขางตั้งอยู่ในเขตพื้นที่ตำบลแม่งอน อำเภอฝาง จังหวัดอะไร,จังหวัดเชียงใหม่
ผลงานละครเรื่องแรกของอัทธนียา เอี่ยมวสันต์ หรือชื่อเกิด สริตา เอี่ยมวสันต์ คือเรื่องอะไร,ตะวันทอแสง
อัทธนียา เอี่ยมวสันต์ เล่นละครเรื่อง ตะวันทอแสง ที่ออกอากาศทางช่อง 7 รับบทเป็นใคร,พิมพรรณ
ผู้ออกแบบบ้านตุ๊กตาที่ตั้งอยู่เลขที่ 42 ซอยต้นสน เขตปทุมวัน กรุงเทพมหานคร คือใคร,ศาสตราจารย์หม่อมเจ้าโวฒยากร วรวรรณ
บ้านตุ๊กตาได้รับรางวัลอาคารอนุรักษ์ดีเด่น จากสมาคมสถาปนิกสยาม เมื่อปีใด,พ.ศ. 2537
การชกชิงแชมป์แห่งสยาม หวัง อาหะหมัดได้รับเลือกให้ชกกับ ศุข สมบูรณ์ โดยสมัยนั้น นายกสนามคือใคร,พระยาเทพหัสดินทร์
หวัง อาหะหมัด ได้ชกมวยแพ้ให้กับใคร เพราะเสียเปรียบเรื่องอายุมากกว่าและตัวเล็กกว่า,ประดิษฐ์ ลิ้มประยูร
สตีเฟน แพทริก เดวิด เกตลีเป็นนักร้องชาวไอร์แลนด์ แต่งงานกับใคร,แอนดรูว์ คาวล์ส
สตีเฟน แพทริก เดวิด เกตลีเป็นนักร้องชาวไอร์แลนด์ นักเขียนและนักแสดง เสียชีวิตที่ประเทศอะไร,ประเทศสเปน
ในปี 2560 ปกเกล้า อนันต์ เล่นในตำแหน่งกองกลาง ให้กับสโมสรใด,สโมสรฟุตบอลแบงค็อก ยูไนเต็ด
หลวงพ่อแสนแห่งเมืองเชียงแตง เป็นพระพุทธรูปปางอะไร,ปางมารวิชัย
กษัตริย์พระองค์ใดเป็นผู้อันเชิญพระแสนจากเมืองเชียงแตง,พระบาทสมเด็จพระจอมเกล้าเจ้าอยู่หัว
พระราชนิเวศน์มฤคทายวันเป็นที่ประทับแปรพระราชฐานในฤดูร้อนของกษัตริย์พระองค์ใด,พระบาทสมเด็จพระมงกุฏเกล้าเจ้าอยู่หัว
เรือนพระสุจริตสุดาเป็นบ้านพักของพระสนมเอก ซึ่งมีพระนามว่าอะไร,พระสุจริตสุดา
ดร.วราวุธ สุธีธร  เป็นผู้เชี่ยวชาญด้านใด,สัตว์มีกระดูกสันหลัง
พ่อของดอน ธีระธาดา นักแสดงชาวไทย คือใคร,จิรทัต ธีระธาดา
โคลิน แอนดรูว์ เฟิร์ธได้รับรางวัลออสการ์ ในสาขาใดจากการประกาศผลรางวัลอะคาเดมี่ ครั้งที่ 83,สาขานักแสดงนำชายยอดเยี่ยม
โคลิน แอนดรูว์ เฟิร์ธ ได้แสดงภาพยนตร์เรื่อง The King's Speech รับบทบาทเป็นใคร,สมเด็จพระเจ้าจอร์จที่ 6
นามสกุลเดิมของพระครูสุจิณธรรมวิมล หรือ หลวงปู่ม่น ธมฺมจิณฺโณ คืออะไร,วิญญาณ
พระครูสุจิณธรรมวิมล หรือ หลวงปู่ม่น ธมฺมจิณฺโณเจ้าอาวาสวัดเนินตามาก ท่านมรณภาพด้วยอายุเท่าไร,88 ปี 5 เดือน 24 วัน
พระมารดาของจรุงจิตต์ อุรัสยะนันท์ มีนามว่าอะไร,ท่านผู้หญิงเจือทอง อุรัสยะนันท์
บุตรสาวของท่านผู้หญิงจรุงจิตต์ ทีขะระ คือใคร,นางปิยวรา ทีขะระ เนตรน้อย
พระแม่สันโตษี เป็นผู้ปกปักษ์รักษาสายน้ำซันโตชี เป็นธิดาของใคร,พระพิฆเนศ
ประธานในพิธีมงคลสมรสระหว่างนพ.ชื่น พุทธิแพทย์และคุณหญิงเพิ่ม คือใคร,สมเด็จฯ เจ้าฟ้าจักรพงษ์ภูวนาภ
ภรรยาคนที่สองของพระยาดำรงแพทยาคุณ มีชื่อว่าอะไร,คุณหญิงสมานใจ
ไซปรัสได้รับเอกราชจากการเป็นอาณานิคมของสหราชอาณาจักร ในปีใด,ปี 1960
บ้านเกิดของทัตพงศ์ พงศทัต อยู่ที่จังหวัดอะไร,จังหวัดพิษณุโลก
มุนินทร์ สายประสาท จบศึกษาจากคณะสถาปัตยกรรมศาสตร์ มหาวิทยาลัยอะไร,มหาวิทยาลัยขอนแก่น
พิมพ์ชนก ลือวิเศษไพบูลย์ นักแสดงชาวไทย มีชื่อเล่นว่าอะไร,ใบเฟิร์น
โรงพยาบาลที่พิมพ์ชนก ลือวิเศษไพบูลย์ หรือใบเฟิร์น เกิดมีชื่อว่าอะไร,โรงพยาบาลวชิรพยาบาล
โกต-ดาร์มอร์ เป็นจังหวัดที่ตั้งอยู่ในแคว้นใดของประเทศฝรั่งเศ,แคว้นเบรอตาญ
แซ็ง-บรีเยอเป็นเมืองหลวงของจังหวัดอะไรในประเทศฝรั่งเศส,โกต-ดู-นอร์ด
อำเภอสามร้อยยอด จังหวัดประจวบคีรีขันธ์แบ่งเขตการปกครองส่วนภูมิภาคออกเป็น 5 ตำบล กี่หมู่บ้าน,41 หมู่บ้าน
พระบิดาของเจ้าชายอาแล็กซ็องดร์แห่งเบลเยียม มีพระนามว่าอะไร,สมเด็จพระราชาธิบดีเลโอโปลด์ที่ 3 แห่งเบลเยียม
เจ้าหญิงเลอาแห่งเบลเยียมอภิเษกสมรสกับผู้ใด,เจ้าชายอาแล็กซ็องดร์แห่งเบลเยียม
สามีของเมย์ เฟื่องอารมย์ หรือ ปทิดา กำเนิดพลอย คือใคร,กรรชัย กำเนิดพลอย
ลูกสาวของกรรชัย กำเนิดพลอย มีชื่อว่าอะไร,ภูรดา กำเนิดพลอย
วัดมหรรณพารามวรวิหาร เป็นพระอารามหลวงชั้นตรี สร้างขึ้นในสมัยรัชกาลใด,รัชกาลที่ 3
นวนิยายเรื่องแรกในนามของ ก. สุรางคนางค์ ตีพิมพ์ครั้งแรกประมาณปี พ.ศ. 2509 มีชื่อว่าอะไร,รักประกาศิต
ในปี พ.ศ. 2555 ผู้กำกับการแสดงโดยยุทธนา ลอพันธ์ไพบูลย์ได้ผลิตละครเรื่องรักประกาศิต ใครเป็นผู้รับบทนริศรา,ทักษอร ภักดิ์สุขเจริญ
พระเจ้าเอ็ดวีทรงเป็นกษัตริย์แห่งอังกฤษ ในปี ค.ศ.955-959 พระบิดนามว่าอะไร,พระเจ้าเอ็ดมุนด์
พระเจ้าเอ็ดวิกกษัตริย์แห่งอังกฤษ ใครเป็นผู้ครองราชต่อพระเจ้าเอ็ดวิก,เอ็ดการ์
ครูมวยคนแรกของสิงห์มณี แก้วสัมฤทธิ์ คือใคร,ศรแดง พรทวี
ผู้ชนะเลิศรางวัลบาฟต้า สาขาดาราสมทบชายยอดเยี่ยม ประจำปี พ.ศ. 2549 คือใคร,เจค็อบ เบนจามิน จิลเลนฮอล
เจค็อบ เบนจามิน จิลเลนฮอล หรือ เจค จิลเลนฮอล เริ่มชีวิตการแสดงตั้งแต่อายุ 11 ปี ในเรื่องอะไร,เรื่อง City Slicker
ราอุล อัลบิโอล ตอร์ตาฆาดา เล่นฟุตบอลให้กับทีมชาติอะไร,ทีมชาติสเปน
บ้านเกิดของเทียมบุญ อินทรบุตร อยู่ที่จังหวัดใด,จังหวัดลำปาง
วัดที่จัดงานศพของเทียมบุญ อินทรบุตร อดีตโปรโมเตอร์มวย คือวัดอะไร,วัดมักกะสัน
คู่ชกคนแรกของวิทยาน้อย สิงห์ยอดฟ้า คือใคร,ดาวน้อย สิงห์ทอผ้า
ภรรยาของประยุทธ มหากิจศิริ คือใคร,สุวิมล มหากิจศิริ
พานทองแท้ ชินวัตร เป็นเพื่อนกับลูกชายของประยุทธ มหากิจศิริ มีชื่อว่าอะไร,เฉลิมชัย มหากิจศิริ
ผลงานชิ้นเอกของวิลเลียม เวิร์ดสเวิร์ธกวีจินตนิยมชาวอังกฤษ มีชื่อว่าอะไร,The Prelude
วิลเลียม เวิร์ดสเวิร์ธเป็นกวีจินตนิยมชาวอังกฤษ เสียชีวิตในปี ค.ศ. ใด,ปี ค.ศ. 1850
ผู้ได้เหรียญทองรุ่นแบนตัมเวท กีฬาโอลิมปิก พ.ศ. 2551 ที่ ปักกิ่ง ประเทศจีน คือใคร,เอนค์บาติน บาดาร์-อูกัน
การีม ม็อสตาฟา แบนเซมาเป็นนักฟุตบอลชาวฝรั่งเศส เกิดที่เมืองอะไรในประเทศฝรั่งเศส,เมืองลียง
การีม ม็อสตาฟา แบนเซมาเป็นนักฟุตบอลชาวฝรั่งเศสเชื้อสายแอลจีเรีย เล่นให้กับสโมสรฟุตบอลอะไร,สโมสรฟุตบอลเรอัลมาดริด
คู่ครองของพระราชวรวงศ์เธอ พระองค์เจ้าบวรวิสุทธิ์ มีพระนามว่าอะไร,หม่อมเจ้าหญิงกมลเปรมปรีดิ์ วิสุทธิ
พระบิดาของหม่อมเจ้าหญิงกมลเปรมปรีดิ์ วิสุทธิ มีพระนามว่าอะไร,พระเจ้าราชวรวงศ์เธอ พระองค์เจ้าเนาวรัตน์ กรมหมื่นสถิตย์ธำรงสวัสดิ์
บิดาของพรทิวา ศักดิ์ศิริเวทย์กุล หรือ พรทิวา นาคาศัย คือใคร,นายสุรินทร์ ศักดิ์ศิริเวทย์กุล
เลดิออน เชนิชา เป็นนักมวยสากลประเทศอะไร,ฟิลิปปินส์
อาดานา เป็นเมืองทางตอนใต้ของประเทศอะไร,ประเทศตุรกี
ระหว่าง ค.ศ. 1832-1840 อาดานาเป็นเมืองทางตอนใต้ของประเทศตุรกีตกอยู่ภายใต้การปกครองของประเทศอะไร,อียิปต์
บุปผา สายชล เล่นลิเกอยู่ในคณะอะไร,คณะสายพิณวัฒนา
แม่ของบุปผา สายชล นักร้องลูกทุ่งหญิง คือใคร,นางบุญมี พยนต์เลิศ
พ่อของอิวานกา มารี ทรัมป์ คือใคร,ดอนัลด์ ทรัมป์
สามีของอิวานกา มารี ทรัมป์ คือใคร,จาเร็ด คัชเนอร์
แจ๊ค เดลานีย์เป็นนักมวยสากลอดีตแชมป์โลกชาวแคนาดา เสียชีวิตที่เมืองใดในประเทศสหรัฐอเมริกา,นิวยอร์ก
บ้านเกิดของวิเชษฐ์ เกษมทองศรี อยู่ที่ไหน,จังหวัดราชบุรี
ในรัฐบาลนางสาวยิ่งลักษณ์ ชินวัตร นายวิเชษฐ์ เกษมทองศรี รับตำแหน่งอะไร,รัฐมนตรีว่าการกระทรวงทรัพยากรธรรมชาติและสิ่งแวดล้อม
การเลือกตั้งในปีพ.ศ. 2547 พอล เอ็ดการ์ ฟีลิป มาร์ติน ชนะการเลือกตั้งได้เป็นนายกรัฐมนตรีของประเทศอะไร,แคนาดา
เจ้าผู้ครองนครลำพูนยาวนานที่สุดคือใคร,เจ้าจักรคำขจรศักดิ์
พระมารดาของเจ้าผู้ครองนครลำพูนองค์ที่ 6 มีพระนามว่าอะไร,แม่เจ้าคำแปงราชเทวี
แม่ของนายแพทย์จักรีวัชร มหิดล มีนามว่าอะไร,สุจาริณี วิวัชรวงศ์
หม่อมเจ้าจักรีวัชร มหิดล มีพระนามเล่นว่าอะไร,ท่านชายอ่อง
เคโซ โอะบุชิ อดีตนายกรัฐมนตรีญี่ปุ่นคนที่ 54 เสียชีวิตด้วยโรคอะไร,โรคหลอดเลือดสมอง
เคโซ โอะบุชิเป็นอดีตนายกรัฐมนตรีญี่ปุ่นคนที่ 54 มีแม่ชื่อว่าอะไร,นางชิโยะ โอบุชิ
แอนดี้ โบการ์ด ตัวละครจากเกมต่อสู้ ตำนานหมาป่ากระหายเลือด มีพี่ชายชื่ออะไร,เทอร์รี่ โบการ์ด
แอนดี้ โบการ์ดเป็นตัวละครจากเกมต่อสู้ ตำนานหมาป่ากระหายเลือด มีแฟนชื่อว่าอะไร,ไม ชิรานุอิ
พ่อของปีเตอร์ เฟอร์ดินานด์ ดรักเกอร์ ชื่อว่า อดอล์ฟ ทำอาชีพอะไร,ทนายความ
ปีเตอร์ เฟอร์ดินานด์ ดรักเกอร์ เป็นอาจารย์สอนในห้องเรียนครั้งสุดท้ายตอนอายุเท่าไร,92 ปี
ฌ็อง-ปอล ซาทร์เป็นนักเขียนนวนิยาย นักบทละคร นักปรัชญา มีตาชื่อว่าอะไร,คาร์ล ชไวทเซอร์
เฝิง คุน เป็นนักกีฬาวอลเลย์บอลหญิงทีมชาติจีน เกิดที่ไหน,กรุงปักกิ่ง
เฝิง คุน สมรสกับโค้ชวอลเลย์บอลหญิงทีมชาติไทย คือใคร,เกียรติพงษ์ รัชตเกรียงไกร
แดเนียล แด คิมเป็นนักแสดงชาวอเมริกัน ได้แสดงเป็นใครในซีรีส์เรื่อง อสุรกายดงดิบ,จิน-ซู ควอน
สาธร ยูนีค ทาวเวอร์ เป็นคอนโดหรูสูงกี่ชั้น,สูง 47 ชั้น
สาธร ยูนีค ทาวเวอร์ เป็นฉากสำคัญในภาพยนตร์สยองขวัญเรื่องเพื่อน..ที่ระลึก ของค่ายหนังใด,จีดีเอช559
พ่อของโรสแมรี่ คาฮันดิง เป็นคนชาติใด,ฟิลิปปินส์
โรสแมรี่ คาฮันดิงเป็นศิลปินชาวไทย มีลูกชายชื่อว่าอะไร,น้องดาวเหนือ
วัดเขาจีนแล ตั้งอยู่ที่ตำบลนิคมสร้างตนเอง อำเภอเมืองลพบุรี จังหวัดอะไร,จังหวัดลพบุรี
หอดูดาวที่มีกล้องโทรทรรศน์วิทยุเดี่ยวที่ใหญ่ที่สุดในโลกอยู่ที่จังหวัดใดในเปอร์โตริโก,อาเรซีโบ
แม่ของบุญส่ง เทพพิมล คือใคร,แม่เอียด เทพพิมล
ซูสีไทเฮา เดอะมิวสิคัล เป็นละครเวทีที่ดัดแปลงบทประพันธ์ของใคร,หม่อมราชวงศ์คึกฤทธิ์ ปราโมช
ผู้ที่รับบทเป็นซูสีไทเฮาในละครเวทีเรื่องซูสีไทเฮา เดอะมิวสิคัล คือใคร,กานดา วิทยานุภาพยืนยง
อาเมเรีย จาคอปได้ตำแหน่งมิสทีนไทยแลนด์ ปี 2006 บ้านเกิดอยู่ในจังหวัดใด,ภูเก็ต
อาเมเรีย จาคอป ผู้ชนะการประกวดมิสทีนไทยแลนด์ ปี 2006 ถูกจับกุมในคดีอะไร,คดียาเสพติด
วัดพระศรีสรรเพชญ์ ตั้งอยู่ที่ตำบลประตูชัย อำเภอพระนครศรีอยุธยา เดิมเป็นที่ประทับของกษัตริย์พระองค์ใด,สมเด็จพระรามาธิบดีที่ 1
ประเทศบ้านเกิดของรูดอล์ฟ เชงเคอร์สมาชิกผู้ก่อตั้งวงเฮฟวี่เมทัล คือประเทศอะไร,ประเทศเยอรมัน
พระที่นั่งใดในพระราชวังบางประอินที่ไม่อนุญาตให้เข้าชมภายในพระที่นั่งได้,พระที่นั่งอุทยานภูมิเสถียร
สโมสรฟุตบอลโกรโตเน เป็นสโมสรฟุตบอลอาชีพของประเทศอะไร,อิตาลี
สีประจำสโมสรฟุตบอลโกรโตเน คือสีอะไร,สีน้ำเงินเข้มและสีแดง
ประเทศบ้านเกิดของแฟรงค์ เซเดโน หรือ Frank Cedeno คือประเทศอะไร,ประเทศฟิลิปปินส์
เซเดโนขึ้นชกมวยครั้งสุดท้ายเมื่อ 27 มีนาคม พ.ศ. 2531 แพ้น็อคให้กับนักมวยประเทศอะไร,เกาหลีใต้
น้ำตกห้วยชมพู อยู่ในเขตพื้นที่หมู่ 11 ตำบลสันโค้ง อำเภอดอกคำใต้  จังหวัดใด,จังหวัดพะเยา
นอกจากน้ำตกห้วยชมพูที่ตั้งอยู่อำเภอดอกคำใต้ จังหวัดพะเยาแล้ว สถานที่ท่องเที่ยวใกล้เคียงมีถ้ำเรียกว่าถ้ำอะไร,ถ้ำฝนแสนห่า
แอมานุแอล โลร็อง เปอตีอดีตนักฟุตบอลชาวฝรั่งเศส มีชื่อเล่นว่าอะไร,มานูว์
ผู้ยิงประตูปิดท้ายในนัดชิงชนะเลิศที่ฝรั่งเศสเอาชนะบราซิลไปได้ 3-0 ในการแข่งขันฟุตบอลโลก 1998 คือใคร,เปอตี
แอร์โครยอ ก่อตั้งครั้งแรกภายใต้ชื่ออะไร ในปี ค.ศ. 1950,โซเกา (การบินโซเวียต-เกาหลีเหนือ)
สายการบินเดียวที่ได้รับการประเมินเพียง 1 ดาว ประเมินโดยสกายแทร็กซ์ คือสายการบินอะไร,สายการบินแอร์โครยอ
คู ฮาราเป็นนักร้องและนักแสดงชาวเกาหลีใต้ เกิดที่เมืองใดของประเทศเกาหลีใต้,เมืองควังจู
ต้นไม้ประจำโรงเรียนสวนกุหลาบวิทยาลัย นนทบุรี คือต้นอะไร,ต้นกัลปพฤกษ์
วัดทุ่งเศรษฐี ตั้งอยู่หมู่ 7 บ้านห้วยบง ตำบลป่าเซ่า อำเภอเมือง จังหวัดอุตรดิตถ์ มีชื่อเดิมว่าอะไร,วัดห้วยบง
ไชยา สุริยัน มีชื่อจริงว่าอะไร,หม่อมหลวงอภิรัฐ จรูญโรจน์
พ่อตาของไชยา สุริยัน คือใคร,หม่อมหลวงขาบ กุญชร
สบู่หอมนกแก้วเริ่มผลิตเมื่อปี พ.ศ. 2490 ผู้คิดค้นส่วนผสมคือใคร,วอลเตอร์ เลโอ ไมเยอร์
ผู้ก่อตั้งบริษัทเมืองไทยประกันชีวิตคือใคร,บัญชา ล่ำซำ
ภรรยาของบัญชา ล่ำซำ คือใคร,ม.ร.ว. สำอางวรรณ เทวกุล
กิบซัน เลส พอล เป็นกีตาร์ไฟฟ้าตัวตัน ที่ผลิตครั้งแรกโดยกิบซันในปีใด,ปี 1952
ภรรยาของยงยศ อรุณเวสสะเศรษฐ คือใคร,นางไหม อรุณเวสสะเศรษฐ
เจมส์ กิบสันเป็นนักมวยปล้ำอาชีพชาวอเมริกัน ใช้ชื่อในวงการมวยปล้ำว่าอะไร,เจมี โนเบิล
ภรรยาของกันตธีร์ ศุภมงคล คือใคร,คุณหญิงดุษฎี ศุภมงคล
นายสมชาย เบญจรงคกุล เป็นอดีตรัฐมนตรีช่วยว่าการกระทรวงสาธารณสุข ในรัฐบาลของใคร,พลเอกชวลิต ยงใจยุทธ
ภรรยาของวิสาร เตชะธีราวัฒน์ คือใคร,นางสมสะอาด เตชะธีราวัฒน์
วิสันต์ ไกรเกรียงยุค มีชื่อจริงว่าอะไร,วิสันต์ ไพรอนันต์
น้องเขยของนิพนธ์ พร้อมพันธุ์ คือใคร,สุเทพ เทือกสุบรรณ
นิพนธ์ พร้อมพันธุ์ สำเร็จการศึกษาชั้นประถมศึกษาจากโรงเรียนอะไร,โรงเรียนเซนต์คาเบรียล
อาสนวิหารแม่พระบังเกิดแห่งว็องส์ อยู่ในประเทศอะไร,ประเทศฝรั่งเศส
อาสนวิหารว็องส์ได้ขึ้นทะเบียนเป็นอนุสรณ์สถานทางประวัติศาสตร์เมื่อปี ค.ศ. ใด,ปี ค.ศ. 1944
พระโอรสของเจ้าชายวิคตอริโอ เอ็มมานูเอล เจ้าชายแห่งเนเปิลส์ มีพระนามว่าอะไร,เจ้าชายเอ็มมานูเอล ฟิลิแบร์โตแห่งซาวอย เจ้าชายแห่งเวนิซ
เจ้าหญิงคลอทิลด์ เจ้าหญิงแห่งเวนิซ มีพระนามเดิมว่าอะไร,นางสาวคลอทิลด์ มารี ปาสคาลล์ คูโร่
พระราชบิดาของพระเจ้าบรมวงศ์เธอ พระองค์เจ้าอภัยทัต กรมหลวงเทพพลภักดิ์ มีพระนามว่าอะไร,พระบาทสมเด็จพระพุทธยอดฟ้าจุฬาโลกมหาราช
พี่น้องร่วมบิดามารดาของพระเจ้าบรมวงศ์เธอ พระองค์เจ้าอภัยทัต กรมหลวงเทพพลภักดิ์ มีพระนามว่าอะไร,พระเจ้าบรมวงศ์เธอ พระองค์เจ้าไกรสร กรมหลวงรักษ์รณเรศ
มิโตะ ฮอลลีฮอก เป็นสโมสรฟุตบอลระดับอาชีพของประเทศญี่ปุ่น ประจำอยู่ที่เมืองมิโตะ จังหวัดอะไร,จังหวัดอิบะระกิ
สมญานาม ฮอลลีฮอก มาจากเครื่องยอดแห่งตระกูลโทะกุงะวะ ซึ่งเป็นผู้ปกครองจากมิโตะในยุคใด,ยุคเอะโดะ
ผลงานการแสดงครั้งแรกกับบทร้ายของปราปต์ปฎล สุวรรณบาง คือเรื่องอะไร,เรื่อง สุภาพบุรุษที่สุดในโลก
"ภาพยนตร์เรื่อง ""พันท้ายนรสิงห์"" ในปี 2558 ปราปต์ปฎล สุวรรณบาง รับบทเป็นใคร",หลวงกำแหง
บ้านเกิดของสวัสดิ์ จำปาศรี อยู่ในอำเภอใด,อ.ชุมพวง
ภรรยาของสวัสดิ์ จำปาศรี มีนามสกุลเดิมว่าอะไร,สุวภาพ
กึนเทอร์ กลอมบ์เป็นทั้งนักฟุตบอลและผู้จัดการทีมฟุตบอลเชื่้อชาติอะไร,เยอรมัน
ในช่วงสงครามโลกครั้งที่สองกึนเทอร์ กลอมบ์เป็นทั้งนักฟุตบอลและผู้จัดการทีมฟุตบอลชาวเยอรมัน ได้ลี้ภัยไปยังอยู่เมืองอะไร,เนือร์นแบร์ก
ศรชัย เมฆวิเชียร มีหน้าตาคล้ายคลึงกับพระเอกดังแห่งยุคคนหนึ่งคือใคร,ยอดชาย เมฆสุวรรณ
แมทธิว เฮทเซนาวเออร์เป็นพลซุ่มยิงชาวออสเตรียในกองทัพเวร์มัคท์แห่งนาซีเยอรมนีในช่วงสงครามโลกครั้งที่เท่าไร,สงครามโลกครั้งที่สอง
ภรรยาของนายแพทย์วิชัย ชัยจิตวณิชกุล คือใคร,นางจารุวรรณ ชัยจิตวณิชกุล
นายแพทย์วิชัย ชัยจิตวณิชกุล ได้ดำรงตำแหน่งใดในรัฐบาลพลเอกชวลิต ยงใจยุทธ,รัฐมนตรีช่วยว่าการกระทรวงพาณิชย์
แมทธิว เฮทเซนาวเออร์เป็นพลซุ่มยิงชาวออสเตรียในกองทัพเวร์มัคท์แห่งนาซีเยอรมนี รับการปูนบำเหน็จด้วยเหรียญอะไร,เหรียญกางเขนเหล็กกางเขนอัศวิน
ท่าอากาศยานนานาชาติโออาร์ แทมโบอยู่ที่เมืองอะไรในประเทศแอฟริกาใต้,เมืองโจฮันเนสเบิร์ก
พระราชบิดาของเจ้าพระยานครศรีธรรมราช หรือ น้อย ณ นคร มีพระนามว่าอะไร,สมเด็จพระเจ้าตากสินมหาราช
บ้านเกิดของหลวงกาจสงครามอยู่ที่จังหวัดใด,จังหวัดลำพูน
หมู่เกาะแชทัมเป็นกลุ่มเกาะในมหาสมุทรใด,มหาสมุทรแปซิฟิก
ยุนะ อิโต หรืออาจรู้จักในชื่อ อิโต คริสติน นักร้องเพลงป็อปชาวญี่ปุ่น เกิดที่ไหน,ลอสแอนเจลิส
ผู้แต่งหนังสือการ์ตูนเรื่องจอมโหดกระทะเหล็ก ตีพิมพ์ในประเทศญี่ปุ่นช่วง พ.ศ. 2538 - พ.ศ. 2543 คือใคร,ชินจิ ไซโจ
ผู้ที่ให้ข้อมูลด้านอาหารและโภชนาการ กับชินจิ ไซโจ เพื่อเขียนการ์ตูนเรื่องจอมโหดกระทะเหล็ก คือใคร,เคย์โกะ โอยามา
เคียวโกะ ฮินะมิ นักแสดงหญิงชาวญี่ปุ่น แสดงภาพยนตร์ในปี 2016 มีชื่อเรื่องว่าอะไร,Shimauma
ลูกชายของ ฟุจิวะระ โนะ ทาคาชิ เคอิ มีชื่อว่าอะไร,ฟุจิวะระ โนะ อาคิสุอิ
พ่อของฟุจิวะระ โนะ อาคิสุเนะ มีชื่อว่าอะไร,ฟุจิวะระ โนะ ทาคาชิ เคอิ
ศาสตราจารย์ นายแพทย์สุรพล อิสรไกรศีล แพทย์เชี่ยวชาญด้านมะเร็งโรคเลือด เป็นคนจังหวัดใด,จังหวัดราชบุรี
ภรรยาของนายแพทย์สุรพล อิสรไกรศีล คือใคร,รองศาสตราจารย์แพทย์หญิงรัตนา อิสรไกรศีล
พระมหากษัตริย์พระองค์ใดเป็นผู้สร้างพระราชวังดุสิต,พระบาทสมเด็จพระมงกุฎเกล้าเจ้าอยู่หัว
เมืองหลวงของประเทศเซเนกัลมีชื่อว่าอะไร,ดาการ์
สภาแห่งชาติเซเนกัล ตั้งอยู่ที่เมืองอะไร,เมืองดาการ์
นิทานคำกลอนจักรๆ วงศ์ๆ เรื่อง ลักษณวงศ์ ผู้ประพันธ์คือใคร,สุนทรภู่
พระราชบิดาของลักษณวงศ์ ในนิทานคำกลอนที่แต่งโดยสุนทรภู่ มีพระนามว่าอะไร,ท้าวพรหมทัต
เครื่องราชอิสริยาภรณ์ที่รองศาสตราจารย์โคทม อารียา ได้จัดอยู่ในชั้นอะไร,ชั้นมหาปรมาภรณ์ช้างเผือก (ม.ป.ช.)
ในปี ค.ศ. 2014 นักร้องสาวชาวอเมริกันที่ร้องเพลง เชกอิตออฟ คือใคร,เทย์เลอร์ สวิฟต์
นักแสดงหญิงชาวอินเดีย มีชื่อเสียงโด่งดังจากบท พระนางคานธารี มีชื่อว่าอะไร,ริยา ทิปสี
ริยา ทิปสี รับบทบาทเป็นเจ้าหญิงบาร์ซิน ในซีรีส์เรื่องอะไร,ศึกสองราชันย์ โปรุส VS อเล็กซานเดอร์
มหาวิทยาลัยสงขลานครินทร์ ใช้ชื่อย่อว่าอะไร,ม.อ.
มหาวิทยาลัยแห่งแรกในภาคใต้ของประเทศไทย คือมหาวิทยาลัยอะไร,มหาวิทยาลัยสงขลานครินทร์
การแข่งขันในรายการแอฟริกาคัพออฟเนชันส์ 2010 ทีมชาติกาบอง ชนะประเทศอะไรในนัดเปิดเกมส์,แคเมอรูน
เลโอนิด เลวิน เป็นนักวิทยาศาสตร์ เกิดที่ประเทศอะไร,ยูเครน
ขนมปูโตเป็นขนมที่ทำจากแป้งข้าวเจ้าซึ่งนำไปนึ่ง เป็นขนมของชาติใด,ฟิลิปปินส์
ขนมปูโตเป็นขนมฟิลิปปินส์ มีรสชาติคล้ายขนมอะไรของไทย,ขนมถ้วยฟู
มะตูมมีชื่อทางวิทยาศาสตร์ว่าอะไร,Aegle marmelos
Belem Tower ตั้งอยู่ที่เมืองลิสบอนซึ่งเป็นเมืองหลวงของประเทศอะไร,ประเทศโปรตุเกส
อเล็กซิส ซิปราส จบการศึกษาระดับปริญญาโท สาขาวิชาอะไร,สาขาวิชาการวางแผนชนบทและภูมิภาค
พระประมุขมาลีเอตัว ตานุมาฟิลิที่ 2 แห่งรัฐเอกราชซามัว ทรงสิ้นพระชนม์ด้วยโรคอะไร,โรคนิวโมเนีย
พระประมุขมาลีเอตัว ตานุมาฟิลิที่ 2 แห่งรัฐเอกราชซามัว ทรงนับถือคือศาสนาอะไร,ศาสนาบาไฮ
เมืองหลวงของประเทศเอลซัลวาดอร์ มีชื่อว่าอะไร,เมืองหลวงซานซัลวาดอร์
ชื่อย่อของมหาวิทยาลัยโรเจอร์ วิลเลียมส์ ใช้ว่าอะไร,RWU
มหาวิทยาลัยโรเจอร์ วิลเลียมส์ เป็นมหาวิทยาลัยทางด้านศิลปศาสตร์ของอเมริกา ตั้งอยู่ในรัฐใด,รัฐโรดไอแลนด์
จอร์จีนีโย เกรจีโยน เอมีเลอ ไวนัลดึม เป็นนักฟุตบอลชาวดัตช์ เล่นในตำแหน่งใด,ตำแหน่งกองกลางตัวรุก
โอสมาร์ อิบัญเญซ บาร์บาเป็นนักฟุตบอลชาวสเปน เกิดที่เมืองอะไร,เมืองซันตอญญา
พระมารดาของพระยาจุฬาราชมนตรี (นาม) มีพระนามว่าอะไร,คุณหญิงนก
พระบิดาของพระยาจุฬาราชมนตรี (นาม) มีพระนามว่าอะไร,พระยาจุฬาราชมนตรี (เถื่อน)
พรรคสหภาพประชาชนหมู่บ้าน เป็นชื่อพรรคการเมืองของประเทศอะไร,อินโดนีเซีย
พรรคสหภาพประชาชนหมู่บ้าน ได้รับการเลือกตั้งในปี พ.ศ. 2498 กี่ที่นั่ง,1 ที่นั่ง
บริษัทที่นายฉลอง สิมะเสถียร ได้ทำหลังเรียนจบโรงเรียนสวนกุหลาบวิทยาลัย มีชื่อว่าอะไร,บริษัทสหไทยวัฒนา จำกัด
บ้านเกิดของคุณสุรเกียรติ บุนนาค อยู่ที่จังหวัดใด,จังหวัดกรุงเทพฯ
ผลงานภาพยนตร์ที่คุณสุรเกียรติ บุนนาค ได้แสดงในปี พ.ศ. 2555 มีชื่อว่าอะไร,รัก An Ordinary Love Story